Repeat,VAR2,Point,CH1 Voltage,CH1 Current,CH1 Time,CH2 Voltage,CH2 Current,CH2 Time
1,1,1,-53.60000E-006,-16.10000E-012,10.31700E-003,0.00000E+000,8.93300E-006,10.31700E-003
1,1,2,-56.00000E-006,-15.00000E-012,178.93500E-003,42.00000E-003,13.55900E-006,178.93500E-003
1,1,3,-50.20000E-006,-8.80000E-012,347.28900E-003,84.00000E-003,13.65200E-006,347.28900E-003
1,1,4,-54.50000E-006,13.10000E-012,515.56100E-003,126.00000E-003,7.16800E-006,515.56100E-003
1,1,5,-55.10000E-006,-10.80000E-012,705.68900E-003,168.00000E-003,-13.71500E-006,705.68900E-003
1,1,6,-50.20000E-006,-13.10000E-012,873.94100E-003,210.00000E-003,-6.69800E-006,873.94100E-003
1,1,7,-54.80000E-006,-12.60000E-012,1.04219E+000,252.00000E-003,1.30500E-006,1.04219E+000
1,1,8,-53.60000E-006,-11.20000E-012,1.21648E+000,294.00000E-003,2.71600E-006,1.21648E+000
1,1,9,-51.40000E-006,-11.50000E-012,1.38473E+000,336.00000E-003,-6.41900E-006,1.38473E+000
1,1,10,-59.60000E-006,-13.20000E-012,1.55317E+000,378.00000E-003,-12.52100E-006,1.55317E+000
1,1,11,-56.40000E-006,-3.10000E-012,1.72143E+000,420.00000E-003,-14.55500E-006,1.72143E+000
1,1,12,-55.40000E-006,1.20000E-012,1.88968E+000,462.00000E-003,-11.01900E-006,1.88968E+000
1,1,13,-57.30000E-006,27.60000E-012,2.05793E+000,504.00000E-003,-3.18700E-006,2.05793E+000
1,1,14,-51.70000E-006,42.30000E-012,2.22620E+000,546.00000E-003,5.80900E-006,2.22620E+000
1,1,15,-52.60000E-006,15.10000E-012,2.39456E+000,588.00000E-003,11.58500E-006,2.39456E+000
1,1,16,-55.70000E-006,2.80000E-012,2.56284E+000,630.00000E-003,14.61200E-006,2.56284E+000
1,1,17,-50.00000E-006,-6.20000E-012,2.73138E+000,672.00000E-003,10.33600E-006,2.73138E+000
1,1,18,-53.30000E-006,-3.20000E-012,2.89962E+000,714.00000E-003,2.90200E-006,2.89962E+000
1,1,19,-55.20000E-006,-1.50000E-012,3.06786E+000,756.00000E-003,-6.10800E-006,3.06786E+000
1,1,20,-50.30000E-006,9.80000E-012,3.23612E+000,798.00000E-003,-11.39300E-006,3.23612E+000
1,1,21,-53.30000E-006,6.30000E-012,3.40436E+000,840.00000E-003,-14.57300E-006,3.40436E+000
1,1,22,-57.80000E-006,-19.60000E-012,3.57264E+000,882.00000E-003,-12.40600E-006,3.57264E+000
1,1,23,-53.60000E-006,-9.90000E-012,3.74090E+000,924.00000E-003,-4.13700E-006,3.74090E+000
1,1,24,-58.40000E-006,-20.30000E-012,3.90915E+000,966.00000E-003,4.24300E-006,3.90915E+000
1,1,25,-58.80000E-006,-40.00000E-012,4.07740E+000,1.00800E+000,10.13400E-006,4.07740E+000
1,1,26,-49.80000E-006,-37.50000E-012,4.24567E+000,1.05000E+000,14.85600E-006,4.24567E+000
1,1,27,-54.70000E-006,-29.20000E-012,4.41394E+000,1.09200E+000,12.93600E-006,4.41394E+000
1,1,28,-53.30000E-006,-18.30000E-012,4.58224E+000,1.13400E+000,5.53700E-006,4.58224E+000
1,1,29,-50.20000E-006,-9.30000E-012,4.75051E+000,1.17600E+000,-2.91200E-006,4.75051E+000
1,1,30,-54.90000E-006,-11.80000E-012,4.91875E+000,1.21800E+000,-9.62500E-006,4.91875E+000
1,1,31,-53.10000E-006,-6.90000E-012,5.08700E+000,1.26000E+000,-13.79000E-006,5.08700E+000
1,1,32,-50.90000E-006,-8.40000E-012,5.25527E+000,1.30200E+000,-13.69700E-006,5.25527E+000
1,1,33,-54.90000E-006,-8.20000E-012,5.42351E+000,1.34400E+000,-7.02500E-006,5.42351E+000
1,1,34,-52.30000E-006,-2.20000E-012,5.59188E+000,1.38600E+000,1.66300E-006,5.59188E+000
1,1,35,-56.00000E-006,-10.30000E-012,5.76016E+000,1.42800E+000,9.46600E-006,5.76016E+000
1,1,36,-59.60000E-006,-18.30000E-012,5.92839E+000,1.47000E+000,13.35800E-006,5.92839E+000
1,1,37,-54.80000E-006,-1.20000E-012,6.09663E+000,1.51200E+000,13.55000E-006,6.09663E+000
1,1,38,-54.80000E-006,2.60000E-012,6.26505E+000,1.55400E+000,7.60600E-006,6.26505E+000
1,1,39,-55.20000E-006,11.40000E-012,6.43331E+000,1.59600E+000,-272.00000E-009,6.43331E+000
1,1,40,-49.60000E-006,14.20000E-012,6.60156E+000,1.63800E+000,-9.01900E-006,6.60156E+000
1,1,41,-53.40000E-006,7.60000E-012,6.76982E+000,1.68000E+000,-13.24600E-006,6.76982E+000
1,1,42,-54.70000E-006,1.30000E-012,6.93805E+000,1.72200E+000,-13.72600E-006,6.93805E+000
1,1,43,-49.70000E-006,-8.20000E-012,7.10628E+000,1.76400E+000,-9.12900E-006,7.10628E+000
1,1,44,-53.70000E-006,-2.80000E-012,7.27454E+000,1.80600E+000,-2.03700E-006,7.27454E+000
1,1,45,-54.20000E-006,-17.20000E-012,7.44279E+000,1.84800E+000,7.48400E-006,7.44279E+000
1,1,46,-49.10000E-006,-8.10000E-012,7.61106E+000,1.89000E+000,12.36900E-006,7.61106E+000
1,1,47,-57.60000E-006,-800.00000E-015,7.77932E+000,1.93200E+000,14.57500E-006,7.77932E+000
1,1,48,-57.80000E-006,2.80000E-012,7.94756E+000,1.97400E+000,11.18200E-006,7.94756E+000
1,1,49,-54.30000E-006,6.10000E-012,8.11588E+000,2.01600E+000,3.23800E-006,8.11588E+000
1,1,50,-58.50000E-006,8.90000E-012,8.28415E+000,2.05800E+000,-5.69900E-006,8.28415E+000
1,1,51,-52.60000E-006,9.70000E-012,8.45240E+000,2.10000E+000,-11.10100E-006,8.45240E+000
1,1,52,-50.40000E-006,9.40000E-012,8.62149E+000,2.14200E+000,-13.57400E-006,8.62149E+000
1,1,53,-54.90000E-006,3.80000E-012,8.78976E+000,2.18400E+000,-8.51500E-006,8.78976E+000
1,1,54,-51.60000E-006,1.60000E-012,8.95798E+000,2.22600E+000,-970.00000E-009,8.95798E+000
1,1,55,-51.70000E-006,-2.40000E-012,9.12623E+000,2.26800E+000,8.49200E-006,9.12623E+000
1,1,56,-55.30000E-006,-4.20000E-012,9.29467E+000,2.31000E+000,13.26200E-006,9.29467E+000
1,1,57,-50.30000E-006,-4.60000E-012,9.46291E+000,2.35200E+000,13.79600E-006,9.46291E+000
1,1,58,-52.20000E-006,0.00000E+000,9.63115E+000,2.39400E+000,9.14200E-006,9.63115E+000
1,1,59,-55.70000E-006,-200.00000E-015,9.79942E+000,2.43600E+000,2.00600E-006,9.79942E+000
1,1,60,-53.60000E-006,1.60000E-012,9.96765E+000,2.47800E+000,-7.30900E-006,9.96765E+000
1,1,61,-56.70000E-006,-6.70000E-012,10.13591E+000,2.52000E+000,-12.23000E-006,10.13591E+000
1,1,62,-58.40000E-006,-6.90000E-012,10.30417E+000,2.56200E+000,-14.49300E-006,10.30417E+000
1,1,63,-49.20000E-006,200.00000E-015,10.47245E+000,2.60400E+000,-11.18600E-006,10.47245E+000
1,1,64,-53.70000E-006,-11.80000E-012,10.64069E+000,2.64600E+000,-3.32900E-006,10.64069E+000
1,1,65,-54.40000E-006,-10.40000E-012,10.80895E+000,2.68800E+000,5.42000E-006,10.80895E+000
1,1,66,-49.20000E-006,115.60000E-012,10.97748E+000,2.73000E+000,12.13600E-006,10.97748E+000
1,1,67,-54.20000E-006,11.40000E-012,11.14573E+000,2.77200E+000,14.58900E-006,11.14573E+000
1,1,68,-53.70000E-006,-12.60000E-012,11.31399E+000,2.81400E+000,11.50600E-006,11.31399E+000
1,1,69,-49.50000E-006,-16.60000E-012,11.48236E+000,2.85600E+000,3.10200E-006,11.48236E+000
1,1,70,-54.20000E-006,-19.80000E-012,11.65062E+000,2.89800E+000,-5.78000E-006,11.65062E+000
1,1,71,-53.20000E-006,-24.00000E-012,11.81889E+000,2.94000E+000,-11.24600E-006,11.81889E+000
1,1,72,-53.40000E-006,-12.60000E-012,11.98712E+000,2.98200E+000,-14.73100E-006,11.98712E+000
1,1,73,-58.70000E-006,2.20000E-012,12.15535E+000,3.02400E+000,-12.64400E-006,12.15535E+000
1,1,74,-54.80000E-006,-4.30000E-012,12.32467E+000,3.06600E+000,738.00000E-009,12.32467E+000
1,1,75,-53.70000E-006,-4.50000E-012,12.49306E+000,3.10800E+000,9.42500E-006,12.49306E+000
1,1,76,-54.90000E-006,-400.00000E-015,12.66130E+000,3.15000E+000,13.40000E-006,12.66130E+000
1,1,77,-50.70000E-006,5.80000E-012,12.82958E+000,3.19200E+000,13.48400E-006,12.82958E+000
1,1,78,-51.70000E-006,7.00000E-012,12.99781E+000,3.23400E+000,8.69200E-006,12.99781E+000
1,1,79,-54.90000E-006,6.30000E-012,13.16611E+000,3.27600E+000,667.00000E-009,13.16611E+000
1,1,80,-49.40000E-006,7.60000E-012,13.33438E+000,3.31800E+000,-8.61500E-006,13.33438E+000
1,1,81,-52.90000E-006,26.30000E-012,13.50263E+000,3.36000E+000,-13.19900E-006,13.50263E+000
1,1,82,-54.90000E-006,13.20000E-012,13.67087E+000,3.40200E+000,-14.08700E-006,13.67087E+000
1,1,83,-49.50000E-006,23.20000E-012,13.83939E+000,3.44400E+000,-9.05000E-006,13.83939E+000
1,1,84,-55.00000E-006,27.90000E-012,14.00762E+000,3.48600E+000,-1.44700E-006,14.00762E+000
1,1,85,-57.90000E-006,12.10000E-012,14.17585E+000,3.52800E+000,8.14800E-006,14.17585E+000
1,1,86,-53.10000E-006,-1.20000E-012,14.34410E+000,3.57000E+000,12.95300E-006,14.34410E+000
1,1,87,-58.00000E-006,21.90000E-012,14.51236E+000,3.61200E+000,14.40400E-006,14.51236E+000
1,1,88,-53.60000E-006,8.50000E-012,14.68071E+000,3.65400E+000,9.59100E-006,14.68071E+000
1,1,89,-49.20000E-006,4.20000E-012,14.84898E+000,3.69600E+000,2.64700E-006,14.84898E+000
1,1,90,-53.80000E-006,4.90000E-012,15.01722E+000,3.73800E+000,-6.52100E-006,15.01722E+000
1,1,91,-52.30000E-006,5.40000E-012,15.18545E+000,3.78000E+000,-11.62600E-006,15.18545E+000
1,1,92,-49.80000E-006,5.70000E-012,15.35388E+000,3.82200E+000,-14.59200E-006,15.35388E+000
1,1,93,-54.50000E-006,7.40000E-012,15.52212E+000,3.86400E+000,-11.26400E-006,15.52212E+000
1,1,94,-51.30000E-006,6.70000E-012,15.69035E+000,3.90600E+000,-3.47000E-006,15.69035E+000
1,1,95,-50.70000E-006,6.30000E-012,15.85861E+000,3.94800E+000,5.30200E-006,15.85861E+000
1,1,96,-54.10000E-006,6.30000E-012,16.02685E+000,3.99000E+000,10.84200E-006,16.02685E+000
1,1,97,-53.00000E-006,8.10000E-012,16.19509E+000,4.03200E+000,15.07300E-006,16.19509E+000
1,1,98,-54.90000E-006,8.90000E-012,16.36338E+000,4.07400E+000,12.60500E-006,16.36338E+000
1,1,99,-58.10000E-006,10.20000E-012,16.53166E+000,4.11600E+000,4.88200E-006,16.53166E+000
1,1,100,-52.30000E-006,8.00000E-012,16.69992E+000,4.15800E+000,-3.65400E-006,16.69992E+000
1,1,101,-51.90000E-006,9.40000E-012,16.86820E+000,4.20000E+000,-9.94200E-006,16.86820E+000
1,1,102,-54.70000E-006,11.60000E-012,17.03644E+000,4.24200E+000,-14.68200E-006,17.03644E+000
1,1,103,-48.70000E-006,10.30000E-012,17.20543E+000,4.28390E+000,-10.25600E-006,17.20543E+000
1,1,104,-53.00000E-006,10.20000E-012,17.37369E+000,4.32600E+000,-2.85700E-006,17.37369E+000
1,1,105,-54.40000E-006,9.20000E-012,17.54199E+000,4.36800E+000,6.48200E-006,17.54199E+000
1,1,106,-48.90000E-006,11.90000E-012,17.71024E+000,4.41000E+000,11.65700E-006,17.71024E+000
1,1,107,-53.50000E-006,14.40000E-012,17.87850E+000,4.45200E+000,14.54600E-006,17.87850E+000
1,1,108,-53.00000E-006,14.50000E-012,18.04677E+000,4.49400E+000,12.16200E-006,18.04677E+000
1,1,109,-51.90000E-006,19.20000E-012,18.23801E+000,4.53600E+000,-13.14600E-006,18.23801E+000
1,1,110,-58.10000E-006,13.30000E-012,18.40625E+000,4.57800E+000,-5.87400E-006,18.40625E+000
1,1,111,-55.40000E-006,10.10000E-012,18.57451E+000,4.62000E+000,2.52800E-006,18.57451E+000
1,1,112,-53.20000E-006,13.30000E-012,18.75234E+000,4.66200E+000,-13.17800E-006,18.75234E+000
1,1,113,-54.10000E-006,6.60000E-012,18.92059E+000,4.70400E+000,-13.70800E-006,18.92059E+000
1,1,114,-47.60000E-006,387.90000E-012,19.08883E+000,4.74600E+000,-8.92500E-006,19.08883E+000
1,1,115,-51.70000E-006,178.90000E-012,19.25710E+000,4.78800E+000,-1.73900E-006,19.25710E+000
1,1,116,-54.00000E-006,17.60000E-012,19.42535E+000,4.83000E+000,7.98300E-006,19.42535E+000
1,1,117,-50.00000E-006,14.20000E-012,19.59361E+000,4.87200E+000,13.10900E-006,19.59361E+000
1,1,118,-51.60000E-006,13.70000E-012,19.76197E+000,4.91400E+000,14.18700E-006,19.76197E+000
1,1,119,-54.30000E-006,15.40000E-012,19.93022E+000,4.95600E+000,9.72100E-006,19.93022E+000
1,1,120,-48.40000E-006,18.20000E-012,20.09848E+000,4.99800E+000,2.48800E-006,20.09848E+000
1,1,121,-53.00000E-006,24.40000E-012,20.26674E+000,5.04000E+000,-6.99000E-006,20.26674E+000
1,1,122,-57.90000E-006,23.80000E-012,20.43496E+000,5.08200E+000,-11.93300E-006,20.43496E+000
1,1,123,-52.60000E-006,26.10000E-012,20.60322E+000,5.12400E+000,-14.64700E-006,20.60322E+000
1,1,124,-56.60000E-006,30.00000E-012,20.77149E+000,5.16600E+000,-11.39900E-006,20.77149E+000
1,1,125,-54.10000E-006,37.90000E-012,20.93973E+000,5.20800E+000,-3.42000E-006,20.93973E+000
1,1,126,-48.60000E-006,34.30000E-012,21.10799E+000,5.25000E+000,5.38000E-006,21.10799E+000
1,1,127,-53.30000E-006,31.20000E-012,21.27626E+000,5.29200E+000,11.22200E-006,21.27626E+000
1,1,128,-53.10000E-006,32.10000E-012,21.44451E+000,5.33400E+000,14.74200E-006,21.44451E+000
1,1,129,-48.70000E-006,32.90000E-012,21.61273E+000,5.37600E+000,12.54900E-006,21.61273E+000
1,1,130,-53.40000E-006,32.00000E-012,21.78100E+000,5.41800E+000,4.60400E-006,21.78100E+000
1,1,131,-51.90000E-006,42.30000E-012,21.94926E+000,5.46000E+000,-3.96000E-006,21.94926E+000
1,1,132,-49.20000E-006,44.20000E-012,22.11749E+000,5.50200E+000,-9.99400E-006,22.11749E+000
1,1,133,-53.50000E-006,47.60000E-012,22.28573E+000,5.54400E+000,-14.83600E-006,22.28573E+000
1,1,134,-53.60000E-006,52.70000E-012,22.45398E+000,5.58600E+000,-13.07100E-006,22.45398E+000
1,1,135,-54.20000E-006,57.40000E-012,22.62223E+000,5.62800E+000,-5.84100E-006,22.62223E+000
1,1,136,-57.60000E-006,56.60000E-012,22.79059E+000,5.67000E+000,3.10300E-006,22.79059E+000
1,1,137,-53.00000E-006,60.40000E-012,22.95884E+000,5.71200E+000,9.75300E-006,22.95884E+000
1,1,138,-50.30000E-006,52.10000E-012,23.12708E+000,5.75400E+000,14.39600E-006,23.12708E+000
1,1,139,-54.40000E-006,65.00000E-012,23.29533E+000,5.79600E+000,13.65600E-006,23.29533E+000
1,1,140,-49.80000E-006,65.40000E-012,23.46358E+000,5.83800E+000,6.68100E-006,23.46358E+000
1,1,141,-51.30000E-006,64.90000E-012,23.63182E+000,5.88000E+000,-1.52300E-006,23.63182E+000
1,1,142,-53.90000E-006,63.30000E-012,23.80008E+000,5.92200E+000,-9.43500E-006,23.80008E+000
1,1,143,-48.30000E-006,66.70000E-012,23.96831E+000,5.96400E+000,-13.40400E-006,23.96831E+000
1,1,144,-51.60000E-006,65.90000E-012,24.13655E+000,6.00600E+000,-13.69500E-006,24.13655E+000
1,1,145,-53.70000E-006,64.00000E-012,24.30483E+000,6.04800E+000,-7.95100E-006,24.30483E+000
1,1,146,-49.80000E-006,60.50000E-012,24.47307E+000,6.09000E+000,97.00000E-009,24.47307E+000
1,1,147,-56.20000E-006,46.90000E-012,24.64131E+000,6.13200E+000,9.06600E-006,24.64131E+000
1,1,148,-57.60000E-006,50.70000E-012,24.80959E+000,6.17400E+000,13.28200E-006,24.80959E+000
1,1,149,-51.60000E-006,80.90000E-012,24.97784E+000,6.21600E+000,13.60600E-006,24.97784E+000
1,1,150,-54.30000E-006,47.70000E-012,25.14607E+000,6.25800E+000,8.89300E-006,25.14607E+000
1,1,151,-53.10000E-006,44.20000E-012,25.31434E+000,6.30000E+000,1.33600E-006,25.31434E+000
1,1,152,-48.40000E-006,43.00000E-012,25.48258E+000,6.34200E+000,-8.28400E-006,25.48258E+000
1,1,153,-52.50000E-006,-57.30000E-012,25.65081E+000,6.38400E+000,-12.96600E-006,25.65081E+000
1,1,154,-52.30000E-006,32.60000E-012,25.81908E+000,6.42600E+000,-14.34500E-006,25.81908E+000
1,1,155,-48.50000E-006,23.90000E-012,25.98733E+000,6.46800E+000,-9.56900E-006,25.98733E+000
1,1,156,-53.20000E-006,17.70000E-012,26.15558E+000,6.51000E+000,-2.44800E-006,26.15558E+000
1,1,157,-51.30000E-006,19.30000E-012,26.32384E+000,6.55200E+000,7.17200E-006,26.32384E+000
1,1,158,-49.20000E-006,31.80000E-012,26.49208E+000,6.59400E+000,12.24000E-006,26.49208E+000
1,1,159,-56.70000E-006,31.90000E-012,26.66036E+000,6.63600E+000,14.51600E-006,26.66036E+000
1,1,160,-54.10000E-006,19.90000E-012,26.82862E+000,6.67800E+000,10.85100E-006,26.82862E+000
1,1,161,-53.80000E-006,10.30000E-012,26.99686E+000,6.72000E+000,3.20400E-006,26.99686E+000
1,1,162,-57.20000E-006,-6.90000E-012,27.16511E+000,6.76200E+000,-5.84300E-006,27.16511E+000
1,1,163,-50.40000E-006,37.80000E-012,27.33338E+000,6.80400E+000,-11.43400E-006,27.33338E+000
1,1,164,-50.00000E-006,23.30000E-012,27.50161E+000,6.84600E+000,-14.64200E-006,27.50161E+000
1,1,165,-53.30000E-006,31.80000E-012,27.66985E+000,6.88800E+000,-12.31900E-006,27.66985E+000
1,1,166,-48.60000E-006,25.60000E-012,27.83812E+000,6.93000E+000,-3.89100E-006,27.83812E+000
1,1,167,-51.00000E-006,4.20000E-012,28.00636E+000,6.97200E+000,4.67200E-006,28.00636E+000
1,1,168,-53.40000E-006,16.50000E-012,28.17461E+000,7.01400E+000,10.56000E-006,28.17461E+000
1,1,169,-48.70000E-006,27.30000E-012,28.34289E+000,7.05600E+000,14.95900E-006,28.34289E+000
1,1,170,-51.70000E-006,16.00000E-012,28.51112E+000,7.09800E+000,12.62300E-006,28.51112E+000
1,1,171,-54.70000E-006,16.80000E-012,28.67937E+000,7.14000E+000,5.16400E-006,28.67937E+000
1,1,172,-51.60000E-006,15.60000E-012,28.84764E+000,7.18200E+000,-3.50500E-006,28.84764E+000
1,1,173,-55.90000E-006,12.00000E-012,29.01588E+000,7.22400E+000,-9.79500E-006,29.01588E+000
1,1,174,-56.90000E-006,15.00000E-012,29.18411E+000,7.26600E+000,-14.61100E-006,29.18411E+000
1,1,175,-49.50000E-006,16.90000E-012,29.35236E+000,7.30800E+000,-13.25600E-006,29.35236E+000
1,1,176,-52.20000E-006,17.50000E-012,29.52109E+000,7.35000E+000,-3.84000E-006,29.52109E+000
1,1,177,-52.60000E-006,16.90000E-012,29.68935E+000,7.39200E+000,4.83700E-006,29.68935E+000
1,1,178,-47.60000E-006,18.50000E-012,29.85842E+000,7.43400E+000,13.28500E-006,29.85842E+000
1,1,179,-52.60000E-006,17.80000E-012,30.02668E+000,7.47600E+000,13.58000E-006,30.02668E+000
1,1,180,-52.10000E-006,18.20000E-012,30.19491E+000,7.51800E+000,8.91300E-006,30.19491E+000
1,1,181,-48.20000E-006,18.30000E-012,30.36319E+000,7.56000E+000,1.16800E-006,30.36319E+000
1,1,182,-52.50000E-006,21.50000E-012,30.53159E+000,7.60200E+000,-8.86400E-006,30.53159E+000
1,1,183,-51.10000E-006,23.40000E-012,30.69981E+000,7.64400E+000,-13.19700E-006,30.69981E+000
1,1,184,-51.50000E-006,21.30000E-012,30.86810E+000,7.68600E+000,-13.76200E-006,30.86810E+000
1,1,185,-56.40000E-006,18.80000E-012,31.03636E+000,7.72800E+000,-8.95800E-006,31.03636E+000
1,1,186,-54.20000E-006,19.60000E-012,31.20459E+000,7.77000E+000,-1.64500E-006,31.20459E+000
1,1,187,-50.80000E-006,20.10000E-012,31.37284E+000,7.81200E+000,8.19200E-006,31.37284E+000
1,1,188,-53.40000E-006,21.00000E-012,31.54109E+000,7.85400E+000,12.97900E-006,31.54109E+000
1,1,189,-49.60000E-006,22.50000E-012,31.70932E+000,7.89600E+000,14.67200E-006,31.70932E+000
1,1,190,-50.20000E-006,17.40000E-012,31.87759E+000,7.93800E+000,10.04700E-006,31.87759E+000
1,1,191,-53.30000E-006,17.80000E-012,32.04583E+000,7.98000E+000,2.70800E-006,32.04583E+000
1,1,192,-48.70000E-006,16.50000E-012,32.21407E+000,8.02200E+000,-6.46700E-006,32.21407E+000
1,1,193,-50.20000E-006,15.50000E-012,32.38236E+000,8.06400E+000,-11.98200E-006,32.38236E+000
1,1,194,-53.20000E-006,11.20000E-012,32.55059E+000,8.10600E+000,-14.60200E-006,32.55059E+000
1,1,195,-48.00000E-006,7.10000E-012,32.71883E+000,8.14800E+000,-11.69400E-006,32.71883E+000
1,1,196,-52.50000E-006,5.10000E-012,32.88740E+000,8.19000E+000,-2.40100E-006,32.88740E+000
1,1,197,-57.20000E-006,7.80000E-012,33.05564E+000,8.23200E+000,7.07800E-006,33.05564E+000
1,1,198,-51.80000E-006,15.20000E-012,33.22388E+000,8.27400E+000,12.13600E-006,33.22388E+000
1,1,199,-56.00000E-006,26.90000E-012,33.39215E+000,8.31600E+000,14.58300E-006,33.39215E+000
1,1,200,-52.80000E-006,31.40000E-012,33.56038E+000,8.35800E+000,11.40000E-006,33.56038E+000
1,1,201,-47.80000E-006,36.70000E-012,33.72862E+000,8.40000E+000,3.56400E-006,33.72862E+000
1,1,202,-52.00000E-006,30.00000E-012,33.89691E+000,8.44200E+000,-5.45600E-006,33.89691E+000
1,1,203,-52.10000E-006,35.30000E-012,34.06523E+000,8.48400E+000,-11.43800E-006,34.06523E+000
1,1,204,-47.80000E-006,46.00000E-012,34.23347E+000,8.52600E+000,-14.68900E-006,34.23347E+000
1,1,205,-52.00000E-006,54.90000E-012,34.40176E+000,8.56800E+000,-12.11100E-006,34.40176E+000
1,1,206,-51.30000E-006,51.40000E-012,34.57004E+000,8.61000E+000,-3.66700E-006,34.57004E+000
1,1,207,-47.80000E-006,50.70000E-012,34.73831E+000,8.65200E+000,5.09000E-006,34.73831E+000
1,1,208,-52.70000E-006,52.60000E-012,34.90659E+000,8.69400E+000,11.02200E-006,34.90659E+000
1,1,209,-54.20000E-006,40.70000E-012,35.07484E+000,8.73600E+000,14.88600E-006,35.07484E+000
1,1,210,-52.20000E-006,36.90000E-012,35.24310E+000,8.77800E+000,12.47300E-006,35.24310E+000
1,1,211,-56.60000E-006,35.20000E-012,35.41139E+000,8.82000E+000,4.61600E-006,35.41139E+000
1,1,212,-51.30000E-006,40.10000E-012,35.57967E+000,8.86200E+000,-4.04600E-006,35.57967E+000
1,1,213,-50.00000E-006,41.80000E-012,35.77061E+000,8.90400E+000,300.00000E-009,35.77061E+000
1,1,214,-53.30000E-006,42.30000E-012,35.93885E+000,8.94600E+000,9.06800E-006,35.93885E+000
1,1,215,-48.40000E-006,45.30000E-012,36.10710E+000,8.98800E+000,13.32400E-006,36.10710E+000
1,1,216,-51.10000E-006,51.40000E-012,36.28559E+000,9.02990E+000,-7.57800E-006,36.28559E+000
1,1,217,-52.90000E-006,51.30000E-012,36.45384E+000,9.07200E+000,413.00000E-009,36.45384E+000
1,1,218,-46.70000E-006,52.60000E-012,36.62213E+000,9.11400E+000,9.24300E-006,36.62213E+000
1,1,219,-51.00000E-006,54.80000E-012,36.79054E+000,9.15600E+000,13.49800E-006,36.79054E+000
1,1,220,-52.90000E-006,58.80000E-012,36.95878E+000,9.19800E+000,12.68200E-006,36.95878E+000
1,1,221,-49.90000E-006,60.90000E-012,37.12703E+000,9.24000E+000,8.17100E-006,37.12703E+000
1,1,222,-55.70000E-006,39.10000E-012,37.29531E+000,9.28200E+000,19.00000E-009,37.29531E+000
1,1,223,-55.40000E-006,65.00000E-012,37.46355E+000,9.32400E+000,-8.92900E-006,37.46355E+000
1,1,224,-50.90000E-006,64.80000E-012,37.63184E+000,9.36600E+000,-13.20200E-006,37.63184E+000
1,1,225,-52.10000E-006,68.60000E-012,37.80051E+000,9.40800E+000,-13.73000E-006,37.80051E+000
1,1,226,-51.50000E-006,68.10000E-012,37.96876E+000,9.45000E+000,-6.96700E-006,37.96876E+000
1,1,227,-47.70000E-006,69.00000E-012,38.13701E+000,9.49200E+000,1.16800E-006,38.13701E+000
1,1,228,-52.40000E-006,72.10000E-012,38.30528E+000,9.53400E+000,9.40400E-006,38.30528E+000
1,1,229,-49.50000E-006,64.60000E-012,38.48741E+000,9.57600E+000,3.75600E-006,38.48741E+000
1,1,230,-49.20000E-006,75.50000E-012,38.65564E+000,9.61800E+000,9.87600E-006,38.65564E+000
1,1,231,-52.70000E-006,84.90000E-012,38.82391E+000,9.66000E+000,14.75900E-006,38.82391E+000
1,1,232,-48.70000E-006,98.70000E-012,38.99216E+000,9.70200E+000,13.16600E-006,38.99216E+000
1,1,233,-51.70000E-006,102.40000E-012,39.16040E+000,9.74400E+000,6.12100E-006,39.16040E+000
1,1,234,-56.90000E-006,99.90000E-012,39.32866E+000,9.78600E+000,-2.22400E-006,39.32866E+000
1,1,235,-51.80000E-006,107.60000E-012,39.49690E+000,9.82800E+000,-9.57400E-006,39.49690E+000
1,1,236,-53.70000E-006,93.30000E-012,39.66518E+000,9.87000E+000,-13.61700E-006,39.66518E+000
1,1,237,-54.00000E-006,93.90000E-012,39.83345E+000,9.91200E+000,-13.80800E-006,39.83345E+000
1,1,238,-47.40000E-006,101.90000E-012,40.00169E+000,9.95400E+000,-7.23900E-006,40.00169E+000
1,1,239,-50.60000E-006,95.00000E-012,40.17009E+000,9.99600E+000,1.75200E-006,40.17009E+000
1,1,240,-52.50000E-006,99.40000E-012,40.33835E+000,10.03800E+000,9.49300E-006,40.33835E+000
1,1,241,-47.30000E-006,98.90000E-012,40.50661E+000,10.08000E+000,13.46100E-006,40.50661E+000
1,1,242,-51.20000E-006,86.50000E-012,40.67484E+000,10.12200E+000,13.91900E-006,40.67484E+000
1,1,243,-52.40000E-006,108.00000E-012,40.84342E+000,10.16400E+000,6.43200E-006,40.84342E+000
1,1,244,-45.50000E-006,76.00000E-012,41.01167E+000,10.20600E+000,-1.81700E-006,41.01167E+000
1,1,245,-52.20000E-006,103.30000E-012,41.17989E+000,10.24800E+000,-9.65200E-006,41.17989E+000
1,1,246,-54.20000E-006,118.50000E-012,41.34815E+000,10.29000E+000,-13.48100E-006,41.34815E+000
1,1,247,-51.30000E-006,115.10000E-012,41.51641E+000,10.33200E+000,-13.68000E-006,41.51641E+000
1,1,248,-55.80000E-006,123.50000E-012,41.68468E+000,10.37400E+000,-7.93000E-006,41.68468E+000
1,1,249,-51.90000E-006,141.00000E-012,41.85294E+000,10.41600E+000,117.00000E-009,41.85294E+000
1,1,250,-48.40000E-006,148.30000E-012,42.02119E+000,10.45800E+000,9.07500E-006,42.02119E+000
1,1,251,-52.20000E-006,137.10000E-012,42.18944E+000,10.50000E+000,13.28200E-006,42.18944E+000
1,1,252,-49.60000E-006,142.10000E-012,42.35770E+000,10.54200E+000,13.70500E-006,42.35770E+000
1,1,253,-48.80000E-006,139.30000E-012,42.52593E+000,10.58400E+000,9.09200E-006,42.52593E+000
1,1,254,-52.70000E-006,145.10000E-012,42.69422E+000,10.62600E+000,1.70700E-006,42.69422E+000
1,1,255,-48.40000E-006,148.70000E-012,42.86250E+000,10.66800E+000,-8.00900E-006,42.86250E+000
1,1,256,-49.50000E-006,152.30000E-012,43.03088E+000,10.71000E+000,-13.12700E-006,43.03088E+000
1,1,257,-52.40000E-006,153.10000E-012,43.19913E+000,10.75200E+000,-14.08500E-006,43.19913E+000
1,1,258,-49.00000E-006,154.20000E-012,43.36740E+000,10.79400E+000,-9.25600E-006,43.36740E+000
1,1,259,-54.20000E-006,163.80000E-012,43.53563E+000,10.83600E+000,-2.40100E-006,43.53563E+000
1,1,260,-55.90000E-006,154.50000E-012,43.70391E+000,10.87800E+000,7.11700E-006,43.70391E+000
1,1,261,-50.60000E-006,159.30000E-012,43.87218E+000,10.92000E+000,12.32600E-006,43.87218E+000
1,1,262,-50.60000E-006,159.10000E-012,44.04041E+000,10.96200E+000,14.65000E-006,44.04041E+000
1,1,263,-52.20000E-006,158.20000E-012,44.20867E+000,11.00400E+000,11.17900E-006,44.20867E+000
1,1,264,-46.60000E-006,315.50000E-012,44.37698E+000,11.04600E+000,3.11900E-006,44.37698E+000
1,1,265,-50.60000E-006,-33.90000E-012,44.54522E+000,11.08800E+000,-5.64800E-006,44.54522E+000
1,1,266,-52.90000E-006,146.90000E-012,44.71351E+000,11.13000E+000,-11.35800E-006,44.71351E+000
1,1,267,-47.60000E-006,115.80000E-012,44.88178E+000,11.17200E+000,-14.63700E-006,44.88178E+000
1,1,268,-51.70000E-006,118.10000E-012,45.05003E+000,11.21400E+000,-12.56400E-006,45.05003E+000
1,1,269,-51.40000E-006,112.40000E-012,45.21826E+000,11.25600E+000,-4.36100E-006,45.21826E+000
1,1,270,-47.50000E-006,109.00000E-012,45.38863E+000,11.29800E+000,12.12000E-006,45.38863E+000
1,1,271,-55.90000E-006,102.70000E-012,45.55687E+000,11.34000E+000,14.67200E-006,45.55687E+000
1,1,272,-53.90000E-006,99.80000E-012,45.72514E+000,11.38200E+000,11.44800E-006,45.72514E+000
1,1,273,-52.20000E-006,94.90000E-012,45.89340E+000,11.42400E+000,3.64400E-006,45.89340E+000
1,1,274,-54.60000E-006,91.00000E-012,46.06165E+000,11.46600E+000,-5.04400E-006,46.06165E+000
1,1,275,-49.30000E-006,86.90000E-012,46.22989E+000,11.50800E+000,-10.73900E-006,46.22989E+000
1,1,276,-48.70000E-006,83.60000E-012,46.39843E+000,11.55000E+000,-14.61200E-006,46.39843E+000
1,1,277,-52.50000E-006,78.30000E-012,46.56667E+000,11.59200E+000,-11.73200E-006,46.56667E+000
1,1,278,-48.40000E-006,178.10000E-012,46.73494E+000,11.63400E+000,-3.55400E-006,46.73494E+000
1,1,279,-50.20000E-006,4.50000E-012,46.90321E+000,11.67600E+000,5.01100E-006,46.90321E+000
1,1,280,-52.80000E-006,62.20000E-012,47.07145E+000,11.71800E+000,10.81600E-006,47.07145E+000
1,1,281,-47.90000E-006,64.60000E-012,47.23969E+000,11.76000E+000,15.03000E-006,47.23969E+000
1,1,282,-50.90000E-006,61.10000E-012,47.40796E+000,11.80200E+000,12.66900E-006,47.40796E+000
1,1,283,-54.60000E-006,56.60000E-012,47.57621E+000,11.84400E+000,5.19800E-006,47.57621E+000
1,1,284,-51.70000E-006,54.50000E-012,47.74474E+000,11.88600E+000,-4.70300E-006,47.74474E+000
1,1,285,-55.70000E-006,52.70000E-012,47.91301E+000,11.92800E+000,-10.60600E-006,47.91301E+000
1,1,286,-56.10000E-006,47.40000E-012,48.08126E+000,11.97000E+000,-14.94100E-006,48.08126E+000
1,1,287,-47.50000E-006,47.50000E-012,48.24959E+000,12.01200E+000,-12.59900E-006,48.24959E+000
1,1,288,-51.90000E-006,47.10000E-012,48.41784E+000,12.05400E+000,-4.69900E-006,48.41784E+000
1,1,289,-52.30000E-006,42.30000E-012,48.58609E+000,12.09600E+000,3.60200E-006,48.58609E+000
1,1,290,-48.40000E-006,46.40000E-012,48.75431E+000,12.13800E+000,9.83800E-006,48.75431E+000
1,1,291,-52.20000E-006,33.80000E-012,48.92258E+000,12.18000E+000,14.62100E-006,48.92258E+000
1,1,292,-51.00000E-006,29.70000E-012,49.09083E+000,12.22200E+000,13.34700E-006,49.09083E+000
1,1,293,-48.50000E-006,33.90000E-012,49.25907E+000,12.26400E+000,6.48200E-006,49.25907E+000
1,1,294,-52.60000E-006,59.20000E-012,49.42736E+000,12.30600E+000,-2.02300E-006,49.42736E+000
1,1,295,-50.30000E-006,82.30000E-012,49.59565E+000,12.34800E+000,-9.60500E-006,49.59565E+000
1,1,296,-52.30000E-006,114.90000E-012,49.76392E+000,12.39000E+000,-13.41600E-006,49.76392E+000
1,1,297,-56.50000E-006,69.40000E-012,49.93219E+000,12.43200E+000,-13.80800E-006,49.93219E+000
1,1,298,-52.70000E-006,33.20000E-012,50.10055E+000,12.47400E+000,-6.69400E-006,50.10055E+000
1,1,299,-51.90000E-006,43.30000E-012,50.26879E+000,12.51600E+000,1.39500E-006,50.26879E+000
1,1,300,-52.90000E-006,37.60000E-012,50.43708E+000,12.55800E+000,9.41200E-006,50.43708E+000
1,1,301,-48.60000E-006,41.20000E-012,50.60535E+000,12.60000E+000,13.46700E-006,50.60535E+000
1,1,302,-50.60000E-006,41.00000E-012,50.77408E+000,12.64200E+000,12.91900E-006,50.77408E+000
1,1,303,-52.80000E-006,45.20000E-012,50.94233E+000,12.68400E+000,5.78400E-006,50.94233E+000
1,1,304,-47.40000E-006,43.80000E-012,51.11059E+000,12.72600E+000,-2.74800E-006,51.11059E+000
1,1,305,-51.60000E-006,48.10000E-012,51.29993E+000,12.76800E+000,-8.97000E-006,51.29993E+000
1,1,306,-52.00000E-006,58.30000E-012,51.46818E+000,12.81000E+000,-1.74800E-006,51.46818E+000
1,1,307,-47.90000E-006,47.20000E-012,51.63646E+000,12.85200E+000,8.13300E-006,51.63646E+000
1,1,308,-55.00000E-006,28.70000E-012,51.81694E+000,12.89400E+000,-6.98300E-006,51.81694E+000
1,1,309,-54.50000E-006,31.40000E-012,51.98517E+000,12.93600E+000,825.00000E-009,51.98517E+000
1,1,310,-51.50000E-006,5.80000E-012,52.15343E+000,12.97800E+000,9.23200E-006,52.15343E+000
1,1,311,-55.30000E-006,49.70000E-012,52.32170E+000,13.02000E+000,13.24700E-006,52.32170E+000
1,1,312,-50.40000E-006,58.40000E-012,52.48993E+000,13.06200E+000,13.59100E-006,52.48993E+000
1,1,313,-48.50000E-006,53.50000E-012,52.65822E+000,13.10400E+000,8.73600E-006,52.65822E+000
1,1,314,-52.70000E-006,49.50000E-012,52.82649E+000,13.14600E+000,838.00000E-009,52.82649E+000
1,1,315,-49.20000E-006,53.70000E-012,52.99473E+000,13.18800E+000,-8.47000E-006,52.99473E+000
1,1,316,-49.20000E-006,53.40000E-012,53.16309E+000,13.23000E+000,-13.16900E-006,53.16309E+000
1,1,317,-52.70000E-006,56.40000E-012,53.33143E+000,13.27200E+000,-13.64300E-006,53.33143E+000
1,1,318,-48.10000E-006,58.00000E-012,53.49967E+000,13.31400E+000,-9.01300E-006,53.49967E+000
1,1,319,-50.00000E-006,57.00000E-012,53.66791E+000,13.35600E+000,-1.75600E-006,53.66791E+000
1,1,320,-53.60000E-006,58.60000E-012,53.83620E+000,13.39800E+000,8.16100E-006,53.83620E+000
1,1,321,-50.50000E-006,62.50000E-012,54.00444E+000,13.44000E+000,13.00700E-006,54.00444E+000
1,1,322,-54.10000E-006,62.00000E-012,54.17266E+000,13.48200E+000,14.46000E-006,54.17266E+000
1,1,323,-56.20000E-006,61.90000E-012,54.34092E+000,13.52400E+000,10.49500E-006,54.34092E+000
1,1,324,-48.70000E-006,65.60000E-012,54.50917E+000,13.56600E+000,3.03600E-006,54.50917E+000
1,1,325,-50.50000E-006,67.20000E-012,54.67744E+000,13.60800E+000,-6.13200E-006,54.67744E+000
1,1,326,-52.20000E-006,71.80000E-012,54.84569E+000,13.65000E+000,-11.46700E-006,54.84569E+000
1,1,327,-46.90000E-006,71.30000E-012,55.01394E+000,13.69200E+000,-14.91400E-006,55.01394E+000
1,1,328,-52.10000E-006,73.10000E-012,55.18219E+000,13.73400E+000,-12.45000E-006,55.18219E+000
1,1,329,-52.10000E-006,73.30000E-012,55.35045E+000,13.77600E+000,-4.13000E-006,55.35045E+000
1,1,330,-48.00000E-006,77.40000E-012,55.51871E+000,13.81800E+000,4.34100E-006,55.51871E+000
1,1,331,-51.60000E-006,78.90000E-012,55.68701E+000,13.86000E+000,10.41500E-006,55.68701E+000
1,1,332,-50.40000E-006,81.50000E-012,55.85528E+000,13.90200E+000,14.99300E-006,55.85528E+000
1,1,333,-50.90000E-006,86.00000E-012,56.02353E+000,13.94400E+000,12.87100E-006,56.02353E+000
1,1,334,-56.10000E-006,96.90000E-012,56.19178E+000,13.98600E+000,5.46600E-006,56.19178E+000
1,1,335,-53.60000E-006,151.20000E-012,56.36005E+000,14.02800E+000,-2.98300E-006,56.36005E+000
1,1,336,-51.90000E-006,132.90000E-012,56.52829E+000,14.07000E+000,-9.70100E-006,56.52829E+000
1,1,337,-52.30000E-006,94.90000E-012,56.69654E+000,14.11200E+000,-14.02500E-006,56.69654E+000
1,1,338,-48.70000E-006,98.00000E-012,56.86482E+000,14.15400E+000,-13.70400E-006,56.86482E+000
1,1,339,-49.10000E-006,114.70000E-012,57.03305E+000,14.19600E+000,-6.76500E-006,57.03305E+000
1,1,340,-52.30000E-006,117.50000E-012,57.20129E+000,14.23800E+000,1.35600E-006,57.20129E+000
1,1,341,-48.30000E-006,119.00000E-012,57.36956E+000,14.28000E+000,9.34400E-006,57.36956E+000
1,1,342,-49.80000E-006,115.50000E-012,57.53781E+000,14.32200E+000,13.37400E-006,57.53781E+000
1,1,343,-52.60000E-006,115.00000E-012,57.70604E+000,14.36400E+000,13.46800E-006,57.70604E+000
1,1,344,-46.90000E-006,116.30000E-012,57.87430E+000,14.40600E+000,8.65100E-006,57.87430E+000
1,1,345,-52.10000E-006,118.30000E-012,58.04256E+000,14.44800E+000,870.00000E-009,58.04256E+000
1,1,346,-55.80000E-006,121.40000E-012,58.21080E+000,14.49000E+000,-8.41100E-006,58.21080E+000
1,1,347,-50.60000E-006,124.10000E-012,58.37925E+000,14.53200E+000,-13.18000E-006,58.37925E+000
1,1,348,-54.40000E-006,134.30000E-012,58.54749E+000,14.57400E+000,-13.63000E-006,58.54749E+000
1,1,349,-52.60000E-006,131.90000E-012,58.71572E+000,14.61600E+000,-8.95500E-006,58.71572E+000
1,1,350,-47.00000E-006,137.00000E-012,58.88397E+000,14.65800E+000,-1.84800E-006,58.88397E+000
1,1,351,-51.50000E-006,130.10000E-012,59.05237E+000,14.70000E+000,8.67000E-006,59.05237E+000
1,1,352,-51.40000E-006,128.50000E-012,59.22060E+000,14.74200E+000,13.12200E-006,59.22060E+000
1,1,353,-46.90000E-006,154.70000E-012,59.38884E+000,14.78400E+000,14.06800E-006,59.38884E+000
1,1,354,-51.60000E-006,164.40000E-012,59.55724E+000,14.82600E+000,9.11400E-006,59.55724E+000
1,1,355,-50.40000E-006,116.10000E-012,59.72548E+000,14.86800E+000,2.01900E-006,59.72548E+000
1,1,356,-48.00000E-006,114.30000E-012,59.89372E+000,14.91000E+000,-7.53200E-006,59.89372E+000
1,1,357,-52.10000E-006,112.00000E-012,60.06198E+000,14.95200E+000,-12.80800E-006,60.06198E+000
1,1,358,-52.70000E-006,142.90000E-012,60.23020E+000,14.99400E+000,-14.59700E-006,60.23020E+000
1,1,359,-52.00000E-006,172.80000E-012,60.39850E+000,15.03600E+000,-10.58000E-006,60.39850E+000
1,1,360,-55.70000E-006,171.20000E-012,60.56674E+000,15.07800E+000,-3.05000E-006,60.56674E+000
1,1,361,-48.50000E-006,153.40000E-012,60.73504E+000,15.12000E+000,6.25100E-006,60.73504E+000
1,1,362,-48.80000E-006,192.50000E-012,60.90329E+000,15.16190E+000,11.54600E-006,60.90329E+000
1,1,363,-52.50000E-006,200.60000E-012,61.07154E+000,15.20400E+000,14.61700E-006,61.07154E+000
1,1,364,-48.00000E-006,202.00000E-012,61.23986E+000,15.24600E+000,11.90900E-006,61.23986E+000
1,1,365,-49.60000E-006,186.60000E-012,61.40811E+000,15.28800E+000,3.89800E-006,61.40811E+000
1,1,366,-52.20000E-006,163.10000E-012,61.57634E+000,15.33000E+000,-4.60200E-006,61.57634E+000
1,1,367,-47.00000E-006,172.50000E-012,61.74468E+000,15.37200E+000,-10.93700E-006,61.74468E+000
1,1,368,-49.60000E-006,178.30000E-012,61.91310E+000,15.41400E+000,-14.63900E-006,61.91310E+000
1,1,369,-51.80000E-006,178.10000E-012,62.08134E+000,15.45600E+000,-12.32800E-006,62.08134E+000
1,1,370,-49.30000E-006,184.40000E-012,62.24966E+000,15.49800E+000,-3.64600E-006,62.24966E+000
1,1,371,-54.30000E-006,208.30000E-012,62.41808E+000,15.54000E+000,5.93900E-006,62.41808E+000
1,1,372,-55.30000E-006,206.20000E-012,62.58701E+000,15.58200E+000,13.26900E-006,62.58701E+000
1,1,373,-49.10000E-006,205.80000E-012,62.75526E+000,15.62400E+000,13.56900E-006,62.75526E+000
1,1,374,-51.10000E-006,212.70000E-012,62.92354E+000,15.66600E+000,8.77800E-006,62.92354E+000
1,1,375,-52.20000E-006,208.60000E-012,63.09177E+000,15.70800E+000,1.51000E-006,63.09177E+000
1,1,376,-45.30000E-006,45.40000E-012,63.26002E+000,15.75000E+000,-8.27900E-006,63.26002E+000
1,1,377,-51.00000E-006,211.50000E-012,63.42858E+000,15.79200E+000,-13.27300E-006,63.42858E+000
1,1,378,-49.50000E-006,209.50000E-012,63.59680E+000,15.83400E+000,-13.56700E-006,63.59680E+000
1,1,379,-47.20000E-006,195.60000E-012,63.76505E+000,15.87600E+000,-8.81400E-006,63.76505E+000
1,1,380,-51.50000E-006,214.70000E-012,63.93333E+000,15.91800E+000,-1.15900E-006,63.93333E+000
1,1,381,-49.40000E-006,242.70000E-012,64.10160E+000,15.96000E+000,8.55100E-006,64.10160E+000
1,1,382,-48.80000E-006,222.70000E-012,64.26985E+000,16.00200E+000,13.07000E-006,64.26985E+000
1,1,383,-55.60000E-006,196.70000E-012,64.43838E+000,16.04400E+000,13.47600E-006,64.43838E+000
1,1,384,-51.60000E-006,186.20000E-012,64.60661E+000,16.08600E+000,8.80400E-006,64.60661E+000
1,1,385,-52.10000E-006,179.10000E-012,64.77486E+000,16.12800E+000,1.14200E-006,64.77486E+000
1,1,386,-52.30000E-006,165.10000E-012,64.94315E+000,16.17000E+000,-8.58500E-006,64.94315E+000
1,1,387,-47.20000E-006,152.20000E-012,65.11135E+000,16.21200E+000,-13.01900E-006,65.11135E+000
1,1,388,-49.10000E-006,162.90000E-012,65.27958E+000,16.25400E+000,-14.23300E-006,65.27958E+000
1,1,389,-51.80000E-006,164.90000E-012,65.44785E+000,16.29600E+000,-9.59500E-006,65.44785E+000
1,1,390,-46.80000E-006,158.10000E-012,65.61611E+000,16.33800E+000,-2.37000E-006,65.61611E+000
1,1,391,-50.00000E-006,156.10000E-012,65.78434E+000,16.38000E+000,7.05500E-006,65.78434E+000
1,1,392,-52.20000E-006,168.30000E-012,65.95260E+000,16.42200E+000,12.16600E-006,65.95260E+000
1,1,393,-46.60000E-006,182.50000E-012,66.12085E+000,16.46400E+000,14.57000E-006,66.12085E+000
1,1,394,-50.50000E-006,164.70000E-012,66.28913E+000,16.50600E+000,11.15000E-006,66.28913E+000
1,1,395,-53.00000E-006,185.10000E-012,66.45748E+000,16.54800E+000,2.93400E-006,66.45748E+000
1,1,396,-49.80000E-006,172.10000E-012,66.62579E+000,16.59000E+000,-6.52200E-006,66.62579E+000
1,1,397,-54.30000E-006,159.80000E-012,66.79417E+000,16.63200E+000,-12.34500E-006,66.79417E+000
1,1,398,-53.00000E-006,149.70000E-012,66.96243E+000,16.67400E+000,-14.51100E-006,66.96243E+000
1,1,399,-46.70000E-006,142.50000E-012,67.13072E+000,16.71600E+000,-10.44000E-006,67.13072E+000
1,1,400,-51.00000E-006,147.10000E-012,67.29893E+000,16.75800E+000,-3.05400E-006,67.29893E+000
1,1,401,-50.10000E-006,116.80000E-012,67.46720E+000,16.80000E+000,6.14400E-006,67.46720E+000
1,1,402,-46.40000E-006,124.70000E-012,67.63549E+000,16.84200E+000,11.71900E-006,67.63549E+000
1,1,403,-51.10000E-006,121.00000E-012,67.80415E+000,16.88400E+000,14.03500E-006,67.80415E+000
1,1,404,-49.70000E-006,114.00000E-012,67.97243E+000,16.92600E+000,9.29100E-006,67.97243E+000
1,1,405,-47.10000E-006,95.00000E-012,68.14072E+000,16.96800E+000,1.84600E-006,68.14072E+000
1,1,406,-51.10000E-006,106.10000E-012,68.33280E+000,17.01000E+000,1.07600E-006,68.33280E+000
1,1,407,-47.90000E-006,95.20000E-012,68.50102E+000,17.05200E+000,9.28500E-006,68.50102E+000
1,1,408,-52.00000E-006,92.70000E-012,68.66932E+000,17.09400E+000,13.38600E-006,68.66932E+000
1,1,409,-54.90000E-006,89.50000E-012,68.84958E+000,17.13600E+000,2.42600E-006,68.84958E+000
1,1,410,-49.60000E-006,86.60000E-012,69.01782E+000,17.17800E+000,9.58000E-006,69.01782E+000
1,1,411,-49.10000E-006,90.60000E-012,69.18612E+000,17.22000E+000,13.87400E-006,69.18612E+000
1,1,412,-50.90000E-006,84.20000E-012,69.35439E+000,17.26200E+000,13.58300E-006,69.35439E+000
1,1,413,-46.40000E-006,81.60000E-012,69.52264E+000,17.30400E+000,7.03500E-006,69.52264E+000
1,1,414,-50.40000E-006,80.50000E-012,69.69089E+000,17.34600E+000,-1.16600E-006,69.69089E+000
1,1,415,-51.20000E-006,79.90000E-012,69.85916E+000,17.38800E+000,-9.37700E-006,69.85916E+000
1,1,416,-46.60000E-006,79.00000E-012,70.02740E+000,17.43000E+000,-13.37000E-006,70.02740E+000
1,1,417,-50.30000E-006,78.60000E-012,70.19569E+000,17.47200E+000,-13.71700E-006,70.19569E+000
1,1,418,-50.60000E-006,79.10000E-012,70.36395E+000,17.51400E+000,-7.81200E-006,70.36395E+000
1,1,419,-46.00000E-006,82.70000E-012,70.53221E+000,17.55600E+000,238.00000E-009,70.53221E+000
1,1,420,-53.40000E-006,77.60000E-012,70.70044E+000,17.59800E+000,9.12300E-006,70.70044E+000
1,1,421,-53.70000E-006,77.70000E-012,70.86870E+000,17.64000E+000,13.26000E-006,70.86870E+000
1,1,422,-50.30000E-006,77.40000E-012,71.03696E+000,17.68200E+000,13.48600E-006,71.03696E+000
1,1,423,-53.00000E-006,75.60000E-012,71.20519E+000,17.72400E+000,8.89200E-006,71.20519E+000
1,1,424,-48.80000E-006,79.00000E-012,71.37346E+000,17.76600E+000,1.16300E-006,71.37346E+000
1,1,425,-47.00000E-006,78.60000E-012,71.54171E+000,17.80800E+000,-8.41000E-006,71.54171E+000
1,1,426,-51.40000E-006,78.70000E-012,71.70997E+000,17.85000E+000,-12.99200E-006,71.70997E+000
1,1,427,-48.40000E-006,79.60000E-012,71.87824E+000,17.89200E+000,-14.10000E-006,71.87824E+000
1,1,428,-47.60000E-006,80.10000E-012,72.04647E+000,17.93400E+000,-9.27600E-006,72.04647E+000
1,1,429,-51.10000E-006,83.50000E-012,72.21473E+000,17.97600E+000,-2.12800E-006,72.21473E+000
1,1,430,-47.50000E-006,82.10000E-012,72.38300E+000,18.01800E+000,7.68400E-006,72.38300E+000
1,1,431,-48.10000E-006,83.90000E-012,72.55123E+000,18.06000E+000,12.55000E-006,72.55123E+000
1,1,432,-52.60000E-006,83.50000E-012,72.71948E+000,18.10200E+000,14.37600E-006,72.71948E+000
1,1,433,-49.70000E-006,87.10000E-012,72.88776E+000,18.14400E+000,10.40000E-006,72.88776E+000
1,1,434,-52.30000E-006,85.30000E-012,73.05599E+000,18.18600E+000,2.91000E-006,73.05599E+000
1,1,435,-54.90000E-006,86.80000E-012,73.22427E+000,18.22800E+000,-6.51500E-006,73.22427E+000
1,1,436,-46.50000E-006,87.10000E-012,73.39252E+000,18.27000E+000,-11.91300E-006,73.39252E+000
1,1,437,-49.10000E-006,91.60000E-012,73.56076E+000,18.31200E+000,-14.58200E-006,73.56076E+000
1,1,438,-51.70000E-006,93.30000E-012,73.72901E+000,18.35400E+000,-11.49300E-006,73.72901E+000
1,1,439,-46.20000E-006,93.50000E-012,73.89727E+000,18.39600E+000,-3.29600E-006,73.89727E+000
1,1,440,-49.70000E-006,95.10000E-012,74.06551E+000,18.43800E+000,5.61400E-006,74.06551E+000
1,1,441,-51.10000E-006,98.30000E-012,74.23374E+000,18.48000E+000,11.23600E-006,74.23374E+000
1,1,442,-45.50000E-006,100.80000E-012,74.40214E+000,18.52200E+000,14.58700E-006,74.40214E+000
1,1,443,-50.30000E-006,104.70000E-012,74.57038E+000,18.56400E+000,11.66500E-006,74.57038E+000
1,1,444,-51.00000E-006,108.00000E-012,74.73863E+000,18.60600E+000,3.46100E-006,74.73863E+000
1,1,445,-49.00000E-006,106.30000E-012,74.90689E+000,18.64800E+000,-5.47400E-006,74.90689E+000
1,1,446,-53.70000E-006,105.40000E-012,75.07512E+000,18.69000E+000,-11.20100E-006,75.07512E+000
1,1,447,-53.30000E-006,106.90000E-012,75.24341E+000,18.73200E+000,-14.71200E-006,75.24341E+000
1,1,448,-47.80000E-006,109.80000E-012,75.41168E+000,18.77400E+000,-11.96600E-006,75.41168E+000
1,1,449,-50.50000E-006,113.90000E-012,75.57992E+000,18.81600E+000,-3.69600E-006,75.57992E+000
1,1,450,-50.00000E-006,116.70000E-012,75.74818E+000,18.85790E+000,5.08600E-006,75.74818E+000
1,1,451,-46.70000E-006,105.20000E-012,75.91645E+000,18.90000E+000,11.08400E-006,75.91645E+000
1,1,452,-50.80000E-006,124.80000E-012,76.08481E+000,18.94200E+000,14.66000E-006,76.08481E+000
1,1,453,-48.90000E-006,123.40000E-012,76.25320E+000,18.98400E+000,11.05500E-006,76.25320E+000
1,1,454,-46.60000E-006,124.40000E-012,76.42151E+000,19.02600E+000,2.94000E-006,76.42151E+000
1,1,455,-50.80000E-006,126.60000E-012,76.58986E+000,19.06800E+000,-7.03200E-006,76.58986E+000
1,1,456,-49.00000E-006,129.80000E-012,76.75810E+000,19.11000E+000,-12.23100E-006,76.75810E+000
1,1,457,-48.80000E-006,137.80000E-012,76.92636E+000,19.15200E+000,-14.55800E-006,76.92636E+000
1,1,458,-54.50000E-006,142.70000E-012,77.09460E+000,19.19400E+000,-10.75400E-006,77.09460E+000
1,1,459,-51.30000E-006,147.60000E-012,77.26284E+000,19.23600E+000,-2.95200E-006,77.26284E+000
1,1,460,-51.30000E-006,147.30000E-012,77.43111E+000,19.27800E+000,6.53400E-006,77.43111E+000
1,1,461,-51.50000E-006,152.20000E-012,77.59950E+000,19.32000E+000,12.44400E-006,77.59950E+000
1,1,462,-47.70000E-006,153.20000E-012,77.76775E+000,19.36200E+000,14.42500E-006,77.76775E+000
1,1,463,-47.90000E-006,159.00000E-012,77.93603E+000,19.40400E+000,10.25300E-006,77.93603E+000
1,1,464,-51.20000E-006,162.00000E-012,78.10430E+000,19.44600E+000,2.57400E-006,78.10430E+000
1,1,465,-46.50000E-006,160.70000E-012,78.27428E+000,19.48800E+000,-12.91900E-006,78.27428E+000
1,1,466,-48.00000E-006,171.40000E-012,78.44253E+000,19.53000E+000,-14.14800E-006,78.44253E+000
1,1,467,-51.20000E-006,177.60000E-012,78.61078E+000,19.57200E+000,-10.12700E-006,78.61078E+000
1,1,468,-46.60000E-006,177.40000E-012,78.77902E+000,19.61400E+000,-2.60500E-006,78.77902E+000
1,1,469,-49.20000E-006,181.80000E-012,78.94772E+000,19.65600E+000,9.14500E-006,78.94772E+000
1,1,470,-54.50000E-006,188.60000E-012,79.11596E+000,19.69800E+000,13.20200E-006,79.11596E+000
1,1,471,-49.10000E-006,189.30000E-012,79.28418E+000,19.74000E+000,13.68700E-006,79.28418E+000
1,1,472,-52.90000E-006,193.30000E-012,79.45263E+000,19.78200E+000,7.98500E-006,79.45263E+000
1,1,473,-52.70000E-006,198.70000E-012,79.62087E+000,19.82400E+000,-116.00000E-009,79.62087E+000
1,1,474,-45.70000E-006,205.90000E-012,79.78910E+000,19.86600E+000,-9.07100E-006,79.78910E+000
1,1,475,-49.60000E-006,214.30000E-012,79.95737E+000,19.90800E+000,-13.32200E-006,79.95737E+000
1,1,476,-51.10000E-006,213.50000E-012,80.12561E+000,19.95000E+000,-13.51700E-006,80.12561E+000
1,1,477,-45.30000E-006,217.50000E-012,80.29385E+000,19.99200E+000,-8.54400E-006,80.29385E+000
1,1,478,-49.50000E-006,221.20000E-012,80.46211E+000,20.03400E+000,-406.00000E-009,80.46211E+000
1,1,479,-50.60000E-006,225.90000E-012,80.63034E+000,20.07600E+000,9.02700E-006,80.63034E+000
1,1,480,-45.90000E-006,230.20000E-012,80.79860E+000,20.11800E+000,13.31400E-006,80.79860E+000
1,1,481,-50.20000E-006,230.90000E-012,80.96848E+000,20.16000E+000,8.85500E-006,80.96848E+000
1,1,482,-51.20000E-006,231.60000E-012,81.13672E+000,20.20200E+000,1.17500E-006,81.13672E+000
1,1,483,-48.70000E-006,231.30000E-012,81.30497E+000,20.24400E+000,-8.46900E-006,81.30497E+000
1,1,484,-53.80000E-006,238.00000E-012,81.47324E+000,20.28600E+000,-13.19800E-006,81.47324E+000
1,1,485,-52.70000E-006,239.10000E-012,81.64148E+000,20.32800E+000,-13.88500E-006,81.64148E+000
1,1,486,-46.50000E-006,249.60000E-012,81.80972E+000,20.37000E+000,-8.97500E-006,81.80972E+000
1,1,487,-50.20000E-006,253.30000E-012,81.97798E+000,20.41200E+000,-1.53700E-006,81.97798E+000
1,1,488,-48.40000E-006,259.60000E-012,82.14622E+000,20.45400E+000,8.33000E-006,82.14622E+000
1,1,489,-46.10000E-006,267.30000E-012,82.31446E+000,20.49600E+000,13.10900E-006,82.31446E+000
1,1,490,-50.90000E-006,280.70000E-012,82.48271E+000,20.53800E+000,14.18100E-006,82.48271E+000
1,1,491,-48.30000E-006,296.40000E-012,82.65094E+000,20.58000E+000,9.50800E-006,82.65094E+000
1,1,492,-47.00000E-006,287.40000E-012,82.81936E+000,20.62200E+000,1.30700E-006,82.81936E+000
1,1,493,-50.50000E-006,262.60000E-012,82.98763E+000,20.66400E+000,-8.61100E-006,82.98763E+000
1,1,494,-47.40000E-006,279.10000E-012,83.15587E+000,20.70600E+000,-13.34000E-006,83.15587E+000
1,1,495,-50.20000E-006,271.90000E-012,83.32415E+000,20.74800E+000,-13.75400E-006,83.32415E+000
1,1,496,-54.30000E-006,267.80000E-012,83.49244E+000,20.79000E+000,-8.85200E-006,83.49244E+000
1,1,497,-50.20000E-006,268.80000E-012,83.66071E+000,20.83200E+000,-1.11300E-006,83.66071E+000
1,1,498,-49.60000E-006,262.80000E-012,83.82898E+000,20.87400E+000,8.78000E-006,83.82898E+000
1,1,499,-50.00000E-006,256.20000E-012,83.99725E+000,20.91600E+000,13.17700E-006,83.99725E+000
1,1,500,-46.10000E-006,261.90000E-012,84.16549E+000,20.95800E+000,13.82800E-006,84.16549E+000
1,1,501,-47.80000E-006,260.40000E-012,84.33373E+000,21.00000E+000,9.05900E-006,84.33373E+000
1,1,502,-50.90000E-006,261.90000E-012,84.50201E+000,21.04200E+000,1.19400E-006,84.50201E+000
1,1,503,-45.90000E-006,260.00000E-012,84.67028E+000,21.08400E+000,-8.58900E-006,84.67028E+000
1,1,504,-48.70000E-006,255.50000E-012,84.86224E+000,21.12600E+000,9.43500E-006,84.86224E+000
1,1,505,-50.30000E-006,249.40000E-012,85.03048E+000,21.16800E+000,13.54400E-006,85.03048E+000
1,1,506,-45.00000E-006,245.50000E-012,85.19873E+000,21.21000E+000,13.80400E-006,85.19873E+000
1,1,507,-52.30000E-006,245.90000E-012,85.37934E+000,21.25200E+000,10.94900E-006,85.37934E+000
1,1,508,-53.10000E-006,232.90000E-012,85.54759E+000,21.29400E+000,14.76900E-006,85.54759E+000
1,1,509,-48.70000E-006,221.90000E-012,85.71588E+000,21.33600E+000,12.29200E-006,85.71588E+000
1,1,510,-52.30000E-006,209.60000E-012,85.88414E+000,21.37800E+000,4.04500E-006,85.88414E+000
1,1,511,-48.80000E-006,245.30000E-012,86.05238E+000,21.42000E+000,-4.69700E-006,86.05238E+000
1,1,512,-45.40000E-006,199.70000E-012,86.22063E+000,21.46200E+000,-10.86600E-006,86.22063E+000
1,1,513,-49.80000E-006,256.40000E-012,86.38893E+000,21.50400E+000,-14.70700E-006,86.38893E+000
1,1,514,-48.70000E-006,191.50000E-012,86.55716E+000,21.54600E+000,-12.47900E-006,86.55716E+000
1,1,515,-45.90000E-006,186.60000E-012,86.72544E+000,21.58800E+000,-3.94400E-006,86.72544E+000
1,1,516,-49.60000E-006,187.10000E-012,86.89372E+000,21.63000E+000,4.99500E-006,86.89372E+000
1,1,517,-47.80000E-006,181.50000E-012,87.06195E+000,21.67200E+000,10.87000E-006,87.06195E+000
1,1,518,-45.10000E-006,181.40000E-012,87.23019E+000,21.71400E+000,14.81000E-006,87.23019E+000
1,1,519,-51.30000E-006,176.40000E-012,87.39846E+000,21.75600E+000,12.44500E-006,87.39846E+000
1,1,520,-51.00000E-006,166.60000E-012,87.56671E+000,21.79800E+000,4.36800E-006,87.56671E+000
1,1,521,-50.40000E-006,163.70000E-012,87.73493E+000,21.84000E+000,-4.24800E-006,87.73493E+000
1,1,522,-54.10000E-006,159.40000E-012,87.90321E+000,21.88200E+000,-10.60100E-006,87.90321E+000
1,1,523,-47.80000E-006,157.20000E-012,88.07146E+000,21.92400E+000,-14.84800E-006,88.07146E+000
1,1,524,-46.70000E-006,155.10000E-012,88.23968E+000,21.96600E+000,-12.70400E-006,88.23968E+000
1,1,525,-50.30000E-006,147.40000E-012,88.40794E+000,22.00800E+000,-4.52600E-006,88.40794E+000
1,1,526,-46.80000E-006,142.80000E-012,88.57620E+000,22.05000E+000,4.15500E-006,88.57620E+000
1,1,527,-47.40000E-006,149.20000E-012,88.74449E+000,22.09200E+000,10.43500E-006,88.74449E+000
1,1,528,-50.70000E-006,143.70000E-012,88.91275E+000,22.13400E+000,15.00700E-006,88.91275E+000
1,1,529,-45.50000E-006,129.80000E-012,89.08100E+000,22.17600E+000,12.55800E-006,89.08100E+000
1,1,530,-47.60000E-006,134.00000E-012,89.24925E+000,22.21800E+000,4.80100E-006,89.24925E+000
1,1,531,-50.50000E-006,130.40000E-012,89.41756E+000,22.26000E+000,-4.19700E-006,89.41756E+000
1,1,532,-48.70000E-006,131.10000E-012,89.58579E+000,22.30200E+000,-10.31100E-006,89.58579E+000
1,1,533,-51.60000E-006,126.00000E-012,89.75407E+000,22.34400E+000,-14.92200E-006,89.75407E+000
1,1,534,-53.60000E-006,125.30000E-012,89.92235E+000,22.38600E+000,-12.56600E-006,89.92235E+000
1,1,535,-46.40000E-006,565.50000E-012,90.09058E+000,22.42800E+000,-4.63600E-006,90.09058E+000
1,1,536,-48.90000E-006,135.10000E-012,90.25883E+000,22.47000E+000,4.07400E-006,90.25883E+000
1,1,537,-50.40000E-006,120.90000E-012,90.42711E+000,22.51200E+000,10.41500E-006,90.42711E+000
1,1,538,-45.10000E-006,118.60000E-012,90.59533E+000,22.55400E+000,15.01800E-006,90.59533E+000
1,1,539,-48.80000E-006,118.40000E-012,90.76357E+000,22.59600E+000,12.78600E-006,90.76357E+000
1,1,540,-49.80000E-006,116.50000E-012,90.93184E+000,22.63800E+000,5.06600E-006,90.93184E+000
1,1,541,-45.00000E-006,115.20000E-012,91.10007E+000,22.68000E+000,-3.60500E-006,91.10007E+000
1,1,542,-49.30000E-006,116.60000E-012,91.26830E+000,22.72200E+000,-9.93000E-006,91.26830E+000
1,1,543,-49.60000E-006,116.90000E-012,91.43654E+000,22.76400E+000,-14.85700E-006,91.43654E+000
1,1,544,-46.20000E-006,115.70000E-012,91.60480E+000,22.80600E+000,-12.93300E-006,91.60480E+000
1,1,545,-52.80000E-006,118.40000E-012,91.77304E+000,22.84800E+000,-5.40400E-006,91.77304E+000
1,1,546,-52.30000E-006,122.80000E-012,91.94128E+000,22.89000E+000,3.20900E-006,91.94128E+000
1,1,547,-48.70000E-006,106.80000E-012,92.10953E+000,22.93200E+000,9.80000E-006,92.10953E+000
1,1,548,-49.10000E-006,116.70000E-012,92.27777E+000,22.97400E+000,14.66300E-006,92.27777E+000
1,1,549,-49.30000E-006,118.70000E-012,92.44603E+000,23.01600E+000,13.13200E-006,92.44603E+000
1,1,550,-45.40000E-006,113.30000E-012,92.61427E+000,23.05800E+000,5.98200E-006,92.61427E+000
1,1,551,-49.30000E-006,117.40000E-012,92.78256E+000,23.10000E+000,-2.88000E-006,92.78256E+000
1,1,552,-48.00000E-006,121.70000E-012,92.95082E+000,23.14200E+000,-9.69800E-006,92.95082E+000
1,1,553,-45.40000E-006,115.00000E-012,93.11922E+000,23.18400E+000,-14.89700E-006,93.11922E+000
1,1,554,-50.20000E-006,124.60000E-012,93.28746E+000,23.22600E+000,-12.92600E-006,93.28746E+000
1,1,555,-47.80000E-006,126.10000E-012,93.45572E+000,23.26800E+000,-5.24300E-006,93.45572E+000
1,1,556,-46.20000E-006,127.50000E-012,93.62410E+000,23.31000E+000,4.11800E-006,93.62410E+000
1,1,557,-53.00000E-006,127.20000E-012,93.79238E+000,23.35200E+000,10.25200E-006,93.79238E+000
1,1,558,-50.30000E-006,130.70000E-012,93.96066E+000,23.39400E+000,15.01900E-006,93.96066E+000
1,1,559,-49.30000E-006,137.90000E-012,94.12888E+000,23.43600E+000,12.62000E-006,94.12888E+000
1,1,560,-49.90000E-006,133.00000E-012,94.29711E+000,23.47800E+000,5.08700E-006,94.29711E+000
1,1,561,-46.50000E-006,134.70000E-012,94.46539E+000,23.52000E+000,-3.86200E-006,94.46539E+000
1,1,562,-46.60000E-006,139.00000E-012,94.63362E+000,23.56200E+000,-10.16900E-006,94.63362E+000
1,1,563,-50.50000E-006,144.40000E-012,94.80186E+000,23.60400E+000,-14.96300E-006,94.80186E+000
1,1,564,-46.10000E-006,143.70000E-012,94.97012E+000,23.64600E+000,-12.86800E-006,94.97012E+000
1,1,565,-47.30000E-006,147.60000E-012,95.13837E+000,23.68800E+000,-4.99900E-006,95.13837E+000
1,1,566,-50.10000E-006,147.40000E-012,95.30660E+000,23.73000E+000,3.51200E-006,95.30660E+000
1,1,567,-46.10000E-006,149.20000E-012,95.47485E+000,23.77200E+000,9.93900E-006,95.47485E+000
1,1,568,-47.50000E-006,151.80000E-012,95.64310E+000,23.81400E+000,14.88000E-006,95.64310E+000
1,1,569,-51.90000E-006,156.80000E-012,95.81134E+000,23.85600E+000,12.93700E-006,95.81134E+000
1,1,570,-48.20000E-006,156.40000E-012,95.97959E+000,23.89800E+000,5.57100E-006,95.97959E+000
1,1,571,-51.10000E-006,158.10000E-012,96.14784E+000,23.94000E+000,-3.00500E-006,96.14784E+000
1,1,572,-52.40000E-006,158.20000E-012,96.31608E+000,23.98200E+000,-9.65400E-006,96.31608E+000
1,1,573,-45.30000E-006,166.30000E-012,96.48492E+000,24.02400E+000,-14.59500E-006,96.48492E+000
1,1,574,-47.80000E-006,168.90000E-012,96.65315E+000,24.06600E+000,-11.34800E-006,96.65315E+000
1,1,575,-49.60000E-006,176.10000E-012,96.82143E+000,24.10800E+000,-3.09000E-006,96.82143E+000
1,1,576,-44.50000E-006,176.30000E-012,96.98997E+000,24.15000E+000,7.98100E-006,96.98997E+000
1,1,577,-47.60000E-006,179.80000E-012,97.15820E+000,24.19200E+000,13.09500E-006,97.15820E+000
1,1,578,-49.50000E-006,182.60000E-012,97.32646E+000,24.23400E+000,13.96900E-006,97.32646E+000
1,1,579,-44.70000E-006,190.10000E-012,97.49474E+000,24.27600E+000,9.52700E-006,97.49474E+000
1,1,580,-48.60000E-006,197.10000E-012,97.66298E+000,24.31800E+000,2.33500E-006,97.66298E+000
1,1,581,-49.30000E-006,199.40000E-012,97.83126E+000,24.36000E+000,-7.64300E-006,97.83126E+000
1,1,582,-47.90000E-006,202.80000E-012,97.99954E+000,24.40200E+000,-12.84100E-006,97.99954E+000
1,1,583,-52.10000E-006,205.10000E-012,98.16837E+000,24.44400E+000,-13.77600E-006,98.16837E+000
1,1,584,-52.00000E-006,209.30000E-012,98.33661E+000,24.48600E+000,-7.09800E-006,98.33661E+000
1,1,585,-45.90000E-006,213.60000E-012,98.50488E+000,24.52790E+000,1.34800E-006,98.50488E+000
1,1,586,-48.80000E-006,218.30000E-012,98.67310E+000,24.57000E+000,9.38200E-006,98.67310E+000
1,1,587,-48.50000E-006,220.60000E-012,98.84139E+000,24.61200E+000,13.47700E-006,98.84139E+000
1,1,588,-44.80000E-006,225.20000E-012,99.00966E+000,24.65400E+000,13.70900E-006,99.00966E+000
1,1,589,-49.30000E-006,232.80000E-012,99.17788E+000,24.69600E+000,7.54600E-006,99.17788E+000
1,1,590,-48.00000E-006,237.30000E-012,99.34614E+000,24.73800E+000,-694.00000E-009,99.34614E+000
1,1,591,-45.30000E-006,241.00000E-012,99.51442E+000,24.78000E+000,-9.32500E-006,99.51442E+000
1,1,592,-49.40000E-006,241.80000E-012,99.68265E+000,24.82200E+000,-13.36900E-006,99.68265E+000
1,1,593,-47.30000E-006,286.80000E-012,99.85092E+000,24.86400E+000,-13.72400E-006,99.85092E+000
1,1,594,-48.00000E-006,265.80000E-012,100.01920E+000,24.90600E+000,-7.55900E-006,100.01920E+000
1,1,595,-52.70000E-006,264.40000E-012,100.18747E+000,24.94800E+000,784.00000E-009,100.18747E+000
1,1,596,-49.50000E-006,265.90000E-012,100.35570E+000,24.99000E+000,9.25700E-006,100.35570E+000
1,1,597,-48.50000E-006,271.10000E-012,100.52398E+000,25.03200E+000,13.34000E-006,100.52398E+000
1,1,598,-49.60000E-006,273.80000E-012,100.69228E+000,25.07400E+000,13.77200E-006,100.69228E+000
1,1,599,-45.80000E-006,284.10000E-012,100.86052E+000,25.11600E+000,7.80800E-006,100.86052E+000
1,1,600,-46.80000E-006,281.60000E-012,101.02877E+000,25.15800E+000,-436.00000E-009,101.02877E+000
1,1,601,-49.40000E-006,293.10000E-012,101.19704E+000,25.20000E+000,-9.15200E-006,101.19704E+000
1,1,602,-45.30000E-006,291.40000E-012,101.36525E+000,25.24200E+000,-13.26600E-006,101.36525E+000
1,1,603,-46.80000E-006,293.60000E-012,101.53351E+000,25.28400E+000,-13.54600E-006,101.53351E+000
1,1,604,-49.80000E-006,299.80000E-012,101.70213E+000,25.32600E+000,-6.24200E-006,101.70213E+000
1,1,605,-44.00000E-006,303.30000E-012,101.89319E+000,25.36800E+000,8.87000E-006,101.89319E+000
1,1,606,-49.10000E-006,308.20000E-012,102.06142E+000,25.41000E+000,1.33200E-006,102.06142E+000
1,1,607,-52.60000E-006,315.50000E-012,102.22968E+000,25.45200E+000,-8.47600E-006,102.22968E+000
1,1,608,-47.60000E-006,314.10000E-012,102.41194E+000,25.49400E+000,-2.87500E-006,102.41194E+000
1,1,609,-51.20000E-006,315.50000E-012,102.58018E+000,25.53600E+000,-9.64200E-006,102.58018E+000
1,1,610,-49.20000E-006,316.20000E-012,102.74842E+000,25.57800E+000,-14.22900E-006,102.74842E+000
1,1,611,-43.80000E-006,319.00000E-012,102.91668E+000,25.62000E+000,-13.41300E-006,102.91668E+000
1,1,612,-48.60000E-006,303.70000E-012,103.08509E+000,25.66200E+000,-5.36800E-006,103.08509E+000
1,1,613,-48.40000E-006,321.90000E-012,103.25333E+000,25.70400E+000,3.05400E-006,103.25333E+000
1,1,614,-45.50000E-006,321.10000E-012,103.42160E+000,25.74600E+000,9.83800E-006,103.42160E+000
1,1,615,-48.80000E-006,319.40000E-012,103.58985E+000,25.78800E+000,14.78500E-006,103.58985E+000
1,1,616,-47.80000E-006,319.50000E-012,103.75810E+000,25.83000E+000,13.09700E-006,103.75810E+000
1,1,617,-44.70000E-006,319.70000E-012,103.92636E+000,25.87200E+000,5.82700E-006,103.92636E+000
1,1,618,-49.30000E-006,318.30000E-012,104.09459E+000,25.91400E+000,-2.70300E-006,104.09459E+000
1,1,619,-49.60000E-006,318.40000E-012,104.26282E+000,25.95600E+000,-9.68300E-006,104.26282E+000
1,1,620,-48.50000E-006,317.80000E-012,104.43112E+000,25.99800E+000,-14.35800E-006,104.43112E+000
1,1,621,-52.80000E-006,317.10000E-012,104.59938E+000,26.04000E+000,-13.32400E-006,104.59938E+000
1,1,622,-48.60000E-006,314.70000E-012,104.76762E+000,26.08200E+000,-6.07700E-006,104.76762E+000
1,1,623,-46.10000E-006,312.10000E-012,104.93588E+000,26.12400E+000,2.52800E-006,104.93588E+000
1,1,624,-49.20000E-006,308.80000E-012,105.10412E+000,26.16600E+000,9.71800E-006,105.10412E+000
1,1,625,-46.30000E-006,305.60000E-012,105.27238E+000,26.20800E+000,13.90000E-006,105.27238E+000
1,1,626,-46.00000E-006,305.70000E-012,105.44065E+000,26.25000E+000,13.69000E-006,105.44065E+000
1,1,627,-49.30000E-006,291.80000E-012,105.60888E+000,26.29200E+000,6.63500E-006,105.60888E+000
1,1,628,-45.20000E-006,294.90000E-012,105.77712E+000,26.33400E+000,-1.84200E-006,105.77712E+000
1,1,629,-46.50000E-006,288.30000E-012,105.94539E+000,26.37600E+000,-9.53200E-006,105.94539E+000
1,1,630,-50.00000E-006,282.20000E-012,106.11364E+000,26.41800E+000,-13.65300E-006,106.11364E+000
1,1,631,-46.70000E-006,280.50000E-012,106.28188E+000,26.46000E+000,-13.93400E-006,106.28188E+000
1,1,632,-50.80000E-006,275.80000E-012,106.45014E+000,26.50200E+000,-6.81200E-006,106.45014E+000
1,1,633,-52.50000E-006,269.20000E-012,106.61839E+000,26.54400E+000,1.54400E-006,106.61839E+000
1,1,634,-47.60000E-006,264.60000E-012,106.78664E+000,26.58600E+000,9.47100E-006,106.78664E+000
1,1,635,-47.30000E-006,260.70000E-012,106.95488E+000,26.62800E+000,13.50000E-006,106.95488E+000
1,1,636,-49.40000E-006,253.70000E-012,107.12313E+000,26.67000E+000,13.74900E-006,107.12313E+000
1,1,637,-44.40000E-006,248.40000E-012,107.29136E+000,26.71200E+000,7.64300E-006,107.29136E+000
1,1,638,-47.40000E-006,243.10000E-012,107.45962E+000,26.75400E+000,-736.00000E-009,107.45962E+000
1,1,639,-49.00000E-006,239.90000E-012,107.62787E+000,26.79600E+000,-9.30100E-006,107.62787E+000
1,1,640,-43.80000E-006,238.40000E-012,107.79611E+000,26.83800E+000,-13.27300E-006,107.79611E+000
1,1,641,-48.30000E-006,254.20000E-012,107.96436E+000,26.88000E+000,-13.64300E-006,107.96436E+000
1,1,642,-48.60000E-006,231.10000E-012,108.13260E+000,26.92200E+000,-8.22800E-006,108.13260E+000
1,1,643,-44.10000E-006,227.20000E-012,108.30085E+000,26.96400E+000,-40.00000E-009,108.30085E+000
1,1,644,-51.60000E-006,230.20000E-012,108.46915E+000,27.00600E+000,9.18900E-006,108.46915E+000
1,1,645,-51.10000E-006,223.20000E-012,108.63752E+000,27.04800E+000,13.42200E-006,108.63752E+000
1,1,646,-46.30000E-006,337.70000E-012,108.80578E+000,27.09000E+000,13.65300E-006,108.80578E+000
1,1,647,-48.80000E-006,216.90000E-012,108.97404E+000,27.13200E+000,7.74600E-006,108.97404E+000
1,1,648,-48.10000E-006,214.70000E-012,109.14229E+000,27.17400E+000,-460.00000E-009,109.14229E+000
1,1,649,-44.80000E-006,213.60000E-012,109.31053E+000,27.21600E+000,-9.16000E-006,109.31053E+000
1,1,650,-48.30000E-006,196.20000E-012,109.47880E+000,27.25800E+000,-13.22500E-006,109.47880E+000
1,1,651,-47.40000E-006,183.20000E-012,109.64703E+000,27.30000E+000,-13.51600E-006,109.64703E+000
1,1,652,-44.70000E-006,181.80000E-012,109.81527E+000,27.34200E+000,-8.52200E-006,109.81527E+000
1,1,653,-48.90000E-006,183.30000E-012,109.98353E+000,27.38400E+000,-375.00000E-009,109.98353E+000
1,1,654,-47.10000E-006,194.40000E-012,110.15178E+000,27.42600E+000,9.08400E-006,110.15178E+000
1,1,655,-44.80000E-006,189.30000E-012,110.32001E+000,27.46800E+000,13.22000E-006,110.32001E+000
1,1,656,-50.50000E-006,186.60000E-012,110.48829E+000,27.51000E+000,13.64300E-006,110.48829E+000
1,1,657,-48.40000E-006,183.50000E-012,110.65654E+000,27.55200E+000,8.84200E-006,110.65654E+000
1,1,658,-48.80000E-006,182.00000E-012,110.82478E+000,27.59400E+000,1.14400E-006,110.82478E+000
1,1,659,-49.40000E-006,175.00000E-012,110.99337E+000,27.63600E+000,-9.39800E-006,110.99337E+000
1,1,660,-45.50000E-006,172.00000E-012,111.16163E+000,27.67800E+000,-13.40500E-006,111.16163E+000
1,1,661,-45.30000E-006,175.00000E-012,111.32986E+000,27.72000E+000,-13.67500E-006,111.32986E+000
1,1,662,-48.80000E-006,164.90000E-012,111.49811E+000,27.76200E+000,-7.78600E-006,111.49811E+000
1,1,663,-44.20000E-006,488.70000E-012,111.66650E+000,27.80400E+000,1.33900E-006,111.66650E+000
1,1,664,-46.10000E-006,186.30000E-012,111.83473E+000,27.84600E+000,9.43100E-006,111.83473E+000
1,1,665,-49.00000E-006,172.10000E-012,112.00298E+000,27.88800E+000,13.41600E-006,112.00298E+000
1,1,666,-44.30000E-006,176.40000E-012,112.17123E+000,27.93000E+000,13.66100E-006,112.17123E+000
1,1,667,-46.50000E-006,173.50000E-012,112.33946E+000,27.97200E+000,8.15500E-006,112.33946E+000
1,1,668,-48.60000E-006,179.90000E-012,112.50774E+000,28.01400E+000,-307.00000E-009,112.50774E+000
1,1,669,-46.40000E-006,175.80000E-012,112.67597E+000,28.05600E+000,-9.01200E-006,112.67597E+000
1,1,670,-50.00000E-006,175.40000E-012,112.84421E+000,28.09800E+000,-13.18500E-006,112.84421E+000
1,1,671,-50.90000E-006,175.30000E-012,113.01266E+000,28.14000E+000,-13.69000E-006,113.01266E+000
1,1,672,-43.80000E-006,173.90000E-012,113.18091E+000,28.18200E+000,-7.61100E-006,113.18091E+000
1,1,673,-47.40000E-006,172.80000E-012,113.34915E+000,28.22400E+000,399.00000E-009,113.34915E+000
1,1,674,-48.70000E-006,171.00000E-012,113.51744E+000,28.26600E+000,9.30500E-006,113.51744E+000
1,1,675,-43.50000E-006,169.40000E-012,113.68567E+000,28.30800E+000,13.29400E-006,113.68567E+000
1,1,676,-48.10000E-006,170.80000E-012,113.85401E+000,28.35000E+000,13.58400E-006,113.85401E+000
1,1,677,-48.50000E-006,177.40000E-012,114.02254E+000,28.39200E+000,6.55600E-006,114.02254E+000
1,1,678,-44.10000E-006,180.00000E-012,114.19078E+000,28.43400E+000,-1.73000E-006,114.19078E+000
1,1,679,-47.80000E-006,178.80000E-012,114.35902E+000,28.47600E+000,-9.45600E-006,114.35902E+000
1,1,680,-47.80000E-006,182.10000E-012,114.52730E+000,28.51800E+000,-13.50100E-006,114.52730E+000
1,1,681,-46.30000E-006,185.10000E-012,114.69553E+000,28.56000E+000,-13.87100E-006,114.69553E+000
1,1,682,-51.50000E-006,192.50000E-012,114.86377E+000,28.60200E+000,-7.46300E-006,114.86377E+000
1,1,683,-49.80000E-006,196.70000E-012,115.03205E+000,28.64400E+000,935.00000E-009,115.03205E+000
1,1,684,-46.30000E-006,190.60000E-012,115.20029E+000,28.68600E+000,9.32500E-006,115.20029E+000
1,1,685,-48.30000E-006,193.30000E-012,115.36854E+000,28.72800E+000,13.28700E-006,115.36854E+000
1,1,686,-45.90000E-006,194.30000E-012,115.53682E+000,28.77000E+000,13.60700E-006,115.53682E+000
1,1,687,-45.00000E-006,205.80000E-012,115.70505E+000,28.81200E+000,8.32800E-006,115.70505E+000
1,1,688,-48.60000E-006,195.70000E-012,115.87328E+000,28.85400E+000,319.00000E-009,115.87328E+000
1,1,689,-45.60000E-006,200.70000E-012,116.04154E+000,28.89600E+000,-8.86700E-006,116.04154E+000
1,1,690,-45.50000E-006,201.10000E-012,116.20978E+000,28.93800E+000,-13.21600E-006,116.20978E+000
1,1,691,-48.70000E-006,203.70000E-012,116.37801E+000,28.98000E+000,-13.76700E-006,116.37801E+000
1,1,692,-44.60000E-006,204.20000E-012,116.54627E+000,29.02200E+000,-8.89900E-006,116.54627E+000
1,1,693,-46.50000E-006,207.00000E-012,116.71453E+000,29.06400E+000,-1.41000E-006,116.71453E+000
1,1,694,-52.00000E-006,207.50000E-012,116.88275E+000,29.10600E+000,8.24700E-006,116.88275E+000
1,1,695,-46.90000E-006,211.40000E-012,117.05102E+000,29.14800E+000,13.02300E-006,117.05102E+000
1,1,696,-49.90000E-006,221.20000E-012,117.21926E+000,29.19000E+000,14.22800E-006,117.21926E+000
1,1,697,-48.60000E-006,230.00000E-012,117.38752E+000,29.23200E+000,9.49100E-006,117.38752E+000
1,1,698,-43.60000E-006,234.00000E-012,117.55580E+000,29.27400E+000,2.22300E-006,117.55580E+000
1,1,699,-47.20000E-006,237.40000E-012,117.72409E+000,29.31600E+000,-7.63000E-006,117.72409E+000
1,1,700,-48.90000E-006,242.30000E-012,117.89235E+000,29.35800E+000,-12.80200E-006,117.89235E+000
1,1,701,-43.50000E-006,242.40000E-012,118.06062E+000,29.40000E+000,-14.22700E-006,118.06062E+000
1,1,702,-47.50000E-006,236.50000E-012,118.22887E+000,29.44200E+000,-9.92300E-006,118.22887E+000
1,1,703,-48.00000E-006,248.10000E-012,118.39713E+000,29.48400E+000,-2.52300E-006,118.39713E+000
1,1,704,-43.30000E-006,250.50000E-012,118.56543E+000,29.52600E+000,7.45100E-006,118.56543E+000
1,1,705,-47.40000E-006,257.40000E-012,118.73371E+000,29.56800E+000,12.59400E-006,118.73371E+000
1,1,706,-49.70000E-006,259.40000E-012,118.92463E+000,29.61000E+000,-9.81400E-006,118.92463E+000
1,1,707,-47.00000E-006,261.90000E-012,119.09286E+000,29.65200E+000,-14.56600E-006,119.09286E+000
1,1,708,-51.30000E-006,267.80000E-012,119.26112E+000,29.69400E+000,-13.25300E-006,119.26112E+000
1,1,709,-47.10000E-006,272.40000E-012,119.44269E+000,29.73600E+000,-14.22200E-006,119.44269E+000
1,1,710,-44.60000E-006,278.80000E-012,119.61092E+000,29.77800E+000,-13.59000E-006,119.61092E+000
1,1,711,-48.40000E-006,272.60000E-012,119.77920E+000,29.82000E+000,-6.19200E-006,119.77920E+000
1,1,712,-44.90000E-006,281.40000E-012,119.94748E+000,29.86200E+000,2.36500E-006,119.94748E+000
1,1,713,-45.30000E-006,293.20000E-012,120.11572E+000,29.90400E+000,9.59800E-006,120.11572E+000
1,1,714,-48.40000E-006,305.90000E-012,120.28397E+000,29.94600E+000,13.83800E-006,120.28397E+000
1,1,715,-44.40000E-006,339.80000E-012,120.45232E+000,29.98800E+000,13.69300E-006,120.45232E+000
1,1,716,-45.80000E-006,314.10000E-012,120.62056E+000,30.03000E+000,6.62800E-006,120.62056E+000
1,1,717,-48.50000E-006,313.10000E-012,120.78884E+000,30.07200E+000,-2.05800E-006,120.78884E+000
1,1,718,-45.40000E-006,313.30000E-012,120.95711E+000,30.11390E+000,-9.63200E-006,120.95711E+000
1,1,719,-49.20000E-006,312.90000E-012,121.12535E+000,30.15600E+000,-13.51100E-006,121.12535E+000
1,1,720,-51.80000E-006,315.80000E-012,121.29359E+000,30.19800E+000,-13.85100E-006,121.29359E+000
1,1,721,-45.90000E-006,322.00000E-012,121.46186E+000,30.24000E+000,-6.94200E-006,121.46186E+000
1,1,722,-46.80000E-006,326.90000E-012,121.63011E+000,30.28200E+000,1.21500E-006,121.63011E+000
1,1,723,-48.00000E-006,332.50000E-012,121.79838E+000,30.32400E+000,9.46300E-006,121.79838E+000
1,1,724,-43.60000E-006,340.70000E-012,121.96664E+000,30.36600E+000,13.49000E-006,121.96664E+000
1,1,725,-46.60000E-006,342.10000E-012,122.13487E+000,30.40800E+000,13.71200E-006,122.13487E+000
1,1,726,-48.10000E-006,346.80000E-012,122.30311E+000,30.45000E+000,8.07300E-006,122.30311E+000
1,1,727,-43.20000E-006,348.00000E-012,122.47139E+000,30.49200E+000,-308.00000E-009,122.47139E+000
1,1,728,-47.20000E-006,350.40000E-012,122.63964E+000,30.53400E+000,-9.10100E-006,122.63964E+000
1,1,729,-47.50000E-006,352.10000E-012,122.80868E+000,30.57600E+000,-14.91500E-006,122.80868E+000
1,1,730,-43.50000E-006,356.10000E-012,122.97695E+000,30.61800E+000,-12.57400E-006,122.97695E+000
1,1,731,-50.50000E-006,358.60000E-012,123.14519E+000,30.66000E+000,-4.49400E-006,123.14519E+000
1,1,732,-49.60000E-006,363.50000E-012,123.31344E+000,30.70200E+000,4.07500E-006,123.31344E+000
1,1,733,-47.00000E-006,367.00000E-012,123.48179E+000,30.74400E+000,10.57300E-006,123.48179E+000
1,1,734,-49.50000E-006,368.80000E-012,123.65005E+000,30.78600E+000,15.09100E-006,123.65005E+000
1,1,735,-46.60000E-006,361.40000E-012,123.81833E+000,30.82800E+000,12.48800E-006,123.81833E+000
1,1,736,-44.40000E-006,366.00000E-012,123.98660E+000,30.87000E+000,4.57100E-006,123.98660E+000
1,1,737,-47.40000E-006,366.70000E-012,124.15483E+000,30.91200E+000,-3.99500E-006,124.15483E+000
1,1,738,-46.00000E-006,369.10000E-012,124.32308E+000,30.95400E+000,-10.19000E-006,124.32308E+000
1,1,739,-44.00000E-006,368.00000E-012,124.49199E+000,30.99600E+000,-14.21900E-006,124.49199E+000
1,1,740,-47.80000E-006,368.10000E-012,124.66023E+000,31.03800E+000,-9.73900E-006,124.66023E+000
1,1,741,-45.00000E-006,365.60000E-012,124.82852E+000,31.08000E+000,-2.26000E-006,124.82852E+000
1,1,742,-45.00000E-006,356.60000E-012,124.99676E+000,31.12200E+000,7.44400E-006,124.99676E+000
1,1,743,-49.40000E-006,355.10000E-012,125.16499E+000,31.16400E+000,12.41000E-006,125.16499E+000
1,1,744,-46.90000E-006,360.50000E-012,125.33324E+000,31.20600E+000,14.54400E-006,125.33324E+000
1,1,745,-48.50000E-006,354.00000E-012,125.50149E+000,31.24800E+000,10.60000E-006,125.50149E+000
1,1,746,-50.90000E-006,352.40000E-012,125.66972E+000,31.29000E+000,3.11500E-006,125.66972E+000
1,1,747,-44.10000E-006,351.60000E-012,125.83800E+000,31.33200E+000,-6.29200E-006,125.83800E+000
1,1,748,-45.60000E-006,351.20000E-012,126.00635E+000,31.37400E+000,-12.27700E-006,126.00635E+000
1,1,749,-47.80000E-006,346.80000E-012,126.17459E+000,31.41600E+000,-14.56500E-006,126.17459E+000
1,1,750,-43.40000E-006,342.60000E-012,126.34284E+000,31.45800E+000,-10.86800E-006,126.34284E+000
1,1,751,-46.30000E-006,341.50000E-012,126.51111E+000,31.50000E+000,-2.91300E-006,126.51111E+000
1,1,752,-47.80000E-006,331.20000E-012,126.67987E+000,31.54200E+000,9.03000E-006,126.67987E+000
1,1,753,-43.10000E-006,334.50000E-012,126.84815E+000,31.58400E+000,13.23800E-006,126.84815E+000
1,1,754,-46.30000E-006,330.40000E-012,127.01642E+000,31.62600E+000,13.62200E-006,127.01642E+000
1,1,755,-47.90000E-006,328.10000E-012,127.18464E+000,31.66800E+000,8.74600E-006,127.18464E+000
1,1,756,-45.70000E-006,324.10000E-012,127.35289E+000,31.71000E+000,909.00000E-009,127.35289E+000
1,1,757,-50.00000E-006,324.50000E-012,127.52116E+000,31.75200E+000,-8.73200E-006,127.52116E+000
1,1,758,-50.80000E-006,323.60000E-012,127.68939E+000,31.79400E+000,-13.21500E-006,127.68939E+000
1,1,759,-44.20000E-006,306.70000E-012,127.85763E+000,31.83600E+000,-13.73100E-006,127.85763E+000
1,1,760,-46.80000E-006,281.80000E-012,128.02591E+000,31.87800E+000,-8.82800E-006,128.02591E+000
1,1,761,-47.20000E-006,321.30000E-012,128.19414E+000,31.92000E+000,-1.40200E-006,128.19414E+000
1,1,762,-43.00000E-006,306.70000E-012,128.36237E+000,31.96200E+000,8.47400E-006,128.36237E+000
1,1,763,-47.00000E-006,297.50000E-012,128.53063E+000,32.00400E+000,13.13000E-006,128.53063E+000
1,1,764,-46.30000E-006,290.00000E-012,128.69887E+000,32.04600E+000,13.92800E-006,128.69887E+000
1,1,765,-43.10000E-006,285.30000E-012,128.86710E+000,32.08800E+000,9.21000E-006,128.86710E+000
1,1,766,-46.70000E-006,284.40000E-012,129.03536E+000,32.13000E+000,1.98500E-006,129.03536E+000
1,1,767,-46.20000E-006,287.50000E-012,129.20362E+000,32.17200E+000,-8.00300E-006,129.20362E+000
1,1,768,-45.00000E-006,275.30000E-012,129.37186E+000,32.21400E+000,-12.80900E-006,129.37186E+000
1,1,769,-50.30000E-006,280.50000E-012,129.54012E+000,32.25600E+000,-14.27500E-006,129.54012E+000
1,1,770,-48.70000E-006,282.50000E-012,129.70834E+000,32.29800E+000,-9.48900E-006,129.70834E+000
1,1,771,-46.70000E-006,283.70000E-012,129.87661E+000,32.34000E+000,-2.19600E-006,129.87661E+000
1,1,772,-47.20000E-006,270.00000E-012,130.04488E+000,32.38200E+000,7.81000E-006,130.04488E+000
1,1,773,-45.00000E-006,269.50000E-012,130.21310E+000,32.42400E+000,12.69200E-006,130.21310E+000
1,1,774,-44.00000E-006,265.40000E-012,130.38136E+000,32.46600E+000,14.56700E-006,130.38136E+000
1,1,775,-47.40000E-006,263.50000E-012,130.54965E+000,32.50800E+000,9.89300E-006,130.54965E+000
1,1,776,-44.60000E-006,263.30000E-012,130.71789E+000,32.55000E+000,2.41600E-006,130.71789E+000
1,1,777,-44.20000E-006,262.80000E-012,130.88615E+000,32.59200E+000,-7.41600E-006,130.88615E+000
1,1,778,-47.30000E-006,258.90000E-012,131.05442E+000,32.63400E+000,-12.84100E-006,131.05442E+000
1,1,779,-44.10000E-006,243.50000E-012,131.22266E+000,32.67600E+000,-14.12300E-006,131.22266E+000
1,1,780,-45.40000E-006,244.70000E-012,131.39090E+000,32.71800E+000,-9.76700E-006,131.39090E+000
1,1,781,-50.50000E-006,254.40000E-012,131.55923E+000,32.76000E+000,-2.12700E-006,131.55923E+000
1,1,782,-46.70000E-006,258.50000E-012,131.72748E+000,32.80200E+000,7.79600E-006,131.72748E+000
1,1,783,-47.30000E-006,247.70000E-012,131.89571E+000,32.84390E+000,12.95200E-006,131.89571E+000
1,1,784,-48.80000E-006,241.80000E-012,132.06396E+000,32.88600E+000,14.28000E-006,132.06396E+000
1,1,785,-43.30000E-006,252.20000E-012,132.23231E+000,32.92800E+000,9.19300E-006,132.23231E+000
1,1,786,-45.50000E-006,254.00000E-012,132.40053E+000,32.97000E+000,2.16000E-006,132.40053E+000
1,1,787,-48.00000E-006,244.70000E-012,132.56879E+000,33.01200E+000,-7.69200E-006,132.56879E+000
1,1,788,-43.40000E-006,243.20000E-012,132.73703E+000,33.05400E+000,-12.89000E-006,132.73703E+000
1,1,789,-46.20000E-006,246.00000E-012,132.90528E+000,33.09600E+000,-14.27300E-006,132.90528E+000
1,1,790,-47.70000E-006,242.40000E-012,133.07354E+000,33.13800E+000,-9.47000E-006,133.07354E+000
1,1,791,-42.60000E-006,239.90000E-012,133.24200E+000,33.17990E+000,-1.21000E-006,133.24200E+000
1,1,792,-46.20000E-006,242.10000E-012,133.41024E+000,33.22200E+000,8.66600E-006,133.41024E+000
1,1,793,-49.60000E-006,240.50000E-012,133.57851E+000,33.26400E+000,13.24700E-006,133.57851E+000
1,1,794,-45.40000E-006,244.00000E-012,133.74678E+000,33.30600E+000,13.73000E-006,133.74678E+000
1,1,795,-49.40000E-006,246.00000E-012,133.91517E+000,33.34800E+000,8.61800E-006,133.91517E+000
1,1,796,-49.30000E-006,241.10000E-012,134.08343E+000,33.39000E+000,383.00000E-009,134.08343E+000
1,1,797,-42.50000E-006,241.00000E-012,134.25168E+000,33.43200E+000,-8.99300E-006,134.25168E+000
1,1,798,-45.90000E-006,246.10000E-012,134.41991E+000,33.47400E+000,-13.21500E-006,134.41991E+000
1,1,799,-46.50000E-006,250.00000E-012,134.58821E+000,33.51600E+000,-13.64600E-006,134.58821E+000
1,1,800,-43.00000E-006,245.00000E-012,134.75648E+000,33.55800E+000,-8.34900E-006,134.75648E+000
1,1,801,-46.20000E-006,247.10000E-012,134.92475E+000,33.60000E+000,172.00000E-009,134.92475E+000
1,1,802,-46.30000E-006,248.40000E-012,135.09302E+000,33.64200E+000,9.21600E-006,135.09302E+000
1,1,803,-42.50000E-006,240.90000E-012,135.26126E+000,33.68400E+000,13.31100E-006,135.26126E+000
1,1,804,-46.90000E-006,246.90000E-012,135.42953E+000,33.72600E+000,13.58200E-006,135.42953E+000
1,1,805,-46.80000E-006,253.70000E-012,135.59781E+000,33.76800E+000,8.03300E-006,135.59781E+000
1,1,806,-46.00000E-006,281.20000E-012,135.76645E+000,33.81000E+000,-2.74200E-006,135.76645E+000
1,1,807,-49.90000E-006,260.80000E-012,135.95709E+000,33.85200E+000,-2.63600E-006,135.95709E+000
1,1,808,-46.30000E-006,262.10000E-012,136.12532E+000,33.89400E+000,6.90400E-006,136.12532E+000
1,1,809,-43.50000E-006,263.80000E-012,136.29357E+000,33.93600E+000,12.25700E-006,136.29357E+000
1,1,810,-46.90000E-006,261.40000E-012,136.47228E+000,33.97800E+000,-8.46100E-006,136.47228E+000
1,1,811,-44.10000E-006,260.40000E-012,136.64053E+000,34.02000E+000,-301.00000E-009,136.64053E+000
1,1,812,-45.00000E-006,261.60000E-012,136.80877E+000,34.06200E+000,9.11900E-006,136.80877E+000
1,1,813,-47.40000E-006,259.20000E-012,136.97843E+000,34.10400E+000,14.19100E-006,136.97843E+000
1,1,814,-43.50000E-006,262.90000E-012,137.14667E+000,34.14600E+000,9.36200E-006,137.14667E+000
1,1,815,-44.80000E-006,266.30000E-012,137.31490E+000,34.18800E+000,2.17300E-006,137.31490E+000
1,1,816,-47.30000E-006,272.60000E-012,137.48315E+000,34.23000E+000,-7.73300E-006,137.48315E+000
1,1,817,-43.80000E-006,309.20000E-012,137.65142E+000,34.27200E+000,-12.92800E-006,137.65142E+000
1,1,818,-47.90000E-006,285.70000E-012,137.81970E+000,34.31400E+000,-14.14200E-006,137.81970E+000
1,1,819,-50.20000E-006,291.50000E-012,137.98796E+000,34.35600E+000,-9.14200E-006,137.98796E+000
1,1,820,-45.70000E-006,292.50000E-012,138.15680E+000,34.39800E+000,2.01400E-006,138.15680E+000
1,1,821,-45.60000E-006,295.60000E-012,138.32504E+000,34.44000E+000,9.60900E-006,138.32504E+000
1,1,822,-47.50000E-006,293.90000E-012,138.49336E+000,34.48200E+000,13.82600E-006,138.49336E+000
1,1,823,-42.30000E-006,299.60000E-012,138.66161E+000,34.52400E+000,13.70400E-006,138.66161E+000
1,1,824,-45.60000E-006,304.30000E-012,138.82996E+000,34.56600E+000,5.89900E-006,138.82996E+000
1,1,825,-47.40000E-006,306.30000E-012,138.99824E+000,34.60800E+000,-2.92500E-006,138.99824E+000
1,1,826,-42.40000E-006,306.80000E-012,139.16649E+000,34.65000E+000,-9.71700E-006,139.16649E+000
1,1,827,-45.80000E-006,311.30000E-012,139.33471E+000,34.69200E+000,-14.47000E-006,139.33471E+000
1,1,828,-47.00000E-006,316.30000E-012,139.50297E+000,34.73400E+000,-13.18800E-006,139.50297E+000
1,1,829,-42.60000E-006,321.10000E-012,139.67123E+000,34.77600E+000,-5.70700E-006,139.67123E+000
1,1,830,-47.20000E-006,320.20000E-012,139.83946E+000,34.81800E+000,2.89500E-006,139.83946E+000
1,1,831,-49.80000E-006,333.10000E-012,140.00835E+000,34.86000E+000,11.96700E-006,140.00835E+000
1,1,832,-45.20000E-006,334.30000E-012,140.17658E+000,34.90200E+000,14.67300E-006,140.17658E+000
1,1,833,-48.50000E-006,335.80000E-012,140.34482E+000,34.94400E+000,11.11800E-006,140.34482E+000
1,1,834,-46.70000E-006,341.20000E-012,140.51309E+000,34.98600E+000,3.01700E-006,140.51309E+000
1,1,835,-42.20000E-006,337.90000E-012,140.68133E+000,35.02800E+000,-6.29500E-006,140.68133E+000
1,1,836,-46.20000E-006,341.50000E-012,140.84960E+000,35.07000E+000,-11.97400E-006,140.84960E+000
1,1,837,-46.80000E-006,351.40000E-012,141.01786E+000,35.11200E+000,-14.62900E-006,141.01786E+000
1,1,838,-42.80000E-006,362.90000E-012,141.18610E+000,35.15400E+000,-10.71000E-006,141.18610E+000
1,1,839,-46.40000E-006,360.20000E-012,141.35433E+000,35.19600E+000,-2.89600E-006,141.35433E+000
1,1,840,-46.30000E-006,364.20000E-012,141.52259E+000,35.23800E+000,6.68500E-006,141.52259E+000
1,1,841,-43.10000E-006,369.70000E-012,141.69084E+000,35.28000E+000,12.20100E-006,141.69084E+000
1,1,842,-46.90000E-006,378.00000E-012,141.85911E+000,35.32200E+000,14.56700E-006,141.85911E+000
1,1,843,-48.70000E-006,380.30000E-012,142.02737E+000,35.36390E+000,10.26600E-006,142.02737E+000
1,1,844,-45.60000E-006,377.80000E-012,142.19561E+000,35.40600E+000,2.64900E-006,142.19561E+000
1,1,845,-49.60000E-006,381.30000E-012,142.36386E+000,35.44800E+000,-7.09600E-006,142.36386E+000
1,1,846,-46.50000E-006,380.90000E-012,142.53221E+000,35.49000E+000,-12.81800E-006,142.53221E+000
1,1,847,-42.50000E-006,388.60000E-012,142.70045E+000,35.53200E+000,-14.28800E-006,142.70045E+000
1,1,848,-45.80000E-006,387.40000E-012,142.86869E+000,35.57400E+000,-9.18500E-006,142.86869E+000
1,1,849,-45.00000E-006,392.40000E-012,143.03705E+000,35.61600E+000,-1.39400E-006,143.03705E+000
1,1,850,-42.90000E-006,397.60000E-012,143.20529E+000,35.65800E+000,8.59700E-006,143.20529E+000
1,1,851,-46.50000E-006,404.90000E-012,143.37353E+000,35.70000E+000,13.16500E-006,143.37353E+000
1,1,852,-44.60000E-006,402.00000E-012,143.54188E+000,35.74200E+000,13.58100E-006,143.54188E+000
1,1,853,-43.60000E-006,403.20000E-012,143.71011E+000,35.78400E+000,8.82800E-006,143.71011E+000
1,1,854,-46.60000E-006,398.70000E-012,143.87835E+000,35.82600E+000,693.00000E-009,143.87835E+000
1,1,855,-45.90000E-006,398.90000E-012,144.04672E+000,35.86800E+000,-9.10500E-006,144.04672E+000
1,1,856,-46.60000E-006,404.20000E-012,144.21495E+000,35.91000E+000,-13.25100E-006,144.21495E+000
1,1,857,-50.20000E-006,401.30000E-012,144.38319E+000,35.95200E+000,-13.65000E-006,144.38319E+000
1,1,858,-46.40000E-006,413.10000E-012,144.55155E+000,35.99390E+000,-7.33300E-006,144.55155E+000
1,1,859,-44.10000E-006,410.00000E-012,144.72060E+000,36.03600E+000,5.68100E-006,144.72060E+000
1,1,860,-47.10000E-006,407.80000E-012,144.88883E+000,36.07800E+000,11.36000E-006,144.88883E+000
1,1,861,-43.80000E-006,403.10000E-012,145.05708E+000,36.12000E+000,14.65100E-006,145.05708E+000
1,1,862,-44.40000E-006,413.20000E-012,145.22532E+000,36.16200E+000,11.79600E-006,145.22532E+000
1,1,863,-47.30000E-006,407.80000E-012,145.39356E+000,36.20400E+000,3.53900E-006,145.39356E+000
1,1,864,-43.40000E-006,409.00000E-012,145.56181E+000,36.24600E+000,-5.62300E-006,145.56181E+000
1,1,865,-44.50000E-006,408.20000E-012,145.73004E+000,36.28800E+000,-11.31200E-006,145.73004E+000
1,1,866,-47.20000E-006,400.80000E-012,145.89829E+000,36.33000E+000,-14.64200E-006,145.89829E+000
1,1,867,-43.90000E-006,385.60000E-012,146.06665E+000,36.37190E+000,-10.85200E-006,146.06665E+000
1,1,868,-47.60000E-006,408.50000E-012,146.23488E+000,36.41400E+000,-2.95500E-006,146.23488E+000
1,1,869,-50.00000E-006,403.60000E-012,146.40312E+000,36.45600E+000,6.50100E-006,146.40312E+000
1,1,870,-45.40000E-006,403.70000E-012,146.57153E+000,36.49790E+000,12.76800E-006,146.57153E+000
1,1,871,-45.00000E-006,411.60000E-012,146.73976E+000,36.54000E+000,14.76600E-006,146.73976E+000
1,1,872,-47.00000E-006,399.20000E-012,146.90800E+000,36.58200E+000,9.65700E-006,146.90800E+000
1,1,873,-41.90000E-006,396.90000E-012,147.07636E+000,36.62400E+000,1.82200E-006,147.07636E+000
1,1,874,-44.80000E-006,395.30000E-012,147.24458E+000,36.66600E+000,-8.03200E-006,147.24458E+000
1,1,875,-47.20000E-006,393.20000E-012,147.41280E+000,36.70800E+000,-13.04700E-006,147.41280E+000
1,1,876,-42.60000E-006,391.20000E-012,147.58213E+000,36.75000E+000,-12.50100E-006,147.58213E+000
1,1,877,-45.30000E-006,387.40000E-012,147.75039E+000,36.79200E+000,-4.02600E-006,147.75039E+000
1,1,878,-46.50000E-006,385.70000E-012,147.91861E+000,36.83400E+000,4.75600E-006,147.91861E+000
1,1,879,-42.20000E-006,384.30000E-012,148.08689E+000,36.87600E+000,10.99300E-006,148.08689E+000
1,1,880,-46.60000E-006,384.30000E-012,148.25510E+000,36.91800E+000,14.78600E-006,148.25510E+000
1,1,881,-49.00000E-006,379.20000E-012,148.42333E+000,36.96000E+000,12.45500E-006,148.42333E+000
1,1,882,-44.90000E-006,376.20000E-012,148.59158E+000,37.00200E+000,4.17100E-006,148.59158E+000
1,1,883,-47.30000E-006,374.60000E-012,148.75983E+000,37.04400E+000,-5.03100E-006,148.75983E+000
1,1,884,-46.50000E-006,372.90000E-012,148.92807E+000,37.08600E+000,-10.87300E-006,148.92807E+000
1,1,885,-42.10000E-006,373.40000E-012,149.09639E+000,37.12800E+000,-14.59000E-006,149.09639E+000
1,1,886,-46.10000E-006,372.30000E-012,149.26462E+000,37.17000E+000,-12.19300E-006,149.26462E+000
1,1,887,-46.10000E-006,368.40000E-012,149.43287E+000,37.21200E+000,-3.53200E-006,149.43287E+000
1,1,888,-42.50000E-006,367.00000E-012,149.60126E+000,37.25400E+000,6.42000E-006,149.60126E+000
1,1,889,-45.70000E-006,361.40000E-012,149.76948E+000,37.29600E+000,11.92800E-006,149.76948E+000
1,1,890,-45.90000E-006,356.50000E-012,149.93774E+000,37.33800E+000,14.64900E-006,149.93774E+000
1,1,891,-42.00000E-006,362.30000E-012,150.10609E+000,37.38000E+000,10.21300E-006,150.10609E+000
1,1,892,-46.30000E-006,358.10000E-012,150.27430E+000,37.42200E+000,2.69100E-006,150.27430E+000
1,1,893,-48.80000E-006,359.80000E-012,150.44277E+000,37.46400E+000,-8.24400E-006,150.44277E+000
1,1,894,-44.50000E-006,353.90000E-012,150.61111E+000,37.50600E+000,-13.20700E-006,150.61111E+000
1,1,895,-49.20000E-006,353.30000E-012,150.77935E+000,37.54800E+000,-13.69000E-006,150.77935E+000
1,1,896,-46.10000E-006,355.20000E-012,150.94777E+000,37.59000E+000,-7.80400E-006,150.94777E+000
1,1,897,-42.10000E-006,351.00000E-012,151.11608E+000,37.63200E+000,938.00000E-009,151.11608E+000
1,1,898,-45.80000E-006,347.50000E-012,151.28433E+000,37.67400E+000,9.38700E-006,151.28433E+000
1,1,899,-45.50000E-006,347.30000E-012,151.45257E+000,37.71600E+000,13.51000E-006,151.45257E+000
1,1,900,-41.90000E-006,343.20000E-012,151.62095E+000,37.75800E+000,13.60700E-006,151.62095E+000
1,1,901,-46.20000E-006,340.70000E-012,151.78922E+000,37.80000E+000,6.48000E-006,151.78922E+000
1,1,902,-45.00000E-006,335.80000E-012,151.95749E+000,37.84200E+000,-2.26900E-006,151.95749E+000
1,1,903,-42.40000E-006,349.30000E-012,152.12584E+000,37.88390E+000,-9.59000E-006,152.12584E+000
1,1,904,-45.90000E-006,338.80000E-012,152.29409E+000,37.92600E+000,-14.69900E-006,152.29409E+000
1,1,905,-46.70000E-006,334.90000E-012,152.46236E+000,37.96800E+000,-12.98200E-006,152.46236E+000
1,1,906,-45.60000E-006,333.40000E-012,152.63073E+000,38.01000E+000,-4.76900E-006,152.63073E+000
1,1,907,-49.20000E-006,330.40000E-012,152.79900E+000,38.05200E+000,4.14700E-006,152.79900E+000
1,1,908,-44.90000E-006,329.90000E-012,152.98970E+000,38.09400E+000,986.00000E-009,152.98970E+000
1,1,909,-43.40000E-006,331.20000E-012,153.15794E+000,38.13600E+000,-8.73600E-006,153.15794E+000
1,1,910,-46.10000E-006,329.20000E-012,153.32619E+000,38.17800E+000,-13.11700E-006,153.32619E+000
1,1,911,-42.40000E-006,327.50000E-012,153.50516E+000,38.22000E+000,5.17300E-006,153.50516E+000
1,1,912,-44.00000E-006,327.40000E-012,153.67342E+000,38.26200E+000,-3.64200E-006,153.67342E+000
1,1,913,-46.70000E-006,329.50000E-012,153.84175E+000,38.30400E+000,-10.42100E-006,153.84175E+000
1,1,914,-42.70000E-006,329.40000E-012,154.01086E+000,38.34600E+000,-13.58400E-006,154.01086E+000
1,1,915,-44.30000E-006,329.40000E-012,154.17911E+000,38.38800E+000,-8.47800E-006,154.17911E+000
1,1,916,-46.70000E-006,327.50000E-012,154.34745E+000,38.42990E+000,428.00000E-009,154.34745E+000
1,1,917,-43.30000E-006,325.50000E-012,154.51575E+000,38.47200E+000,9.32300E-006,154.51575E+000
1,1,918,-47.20000E-006,329.00000E-012,154.68416E+000,38.51400E+000,13.75300E-006,154.68416E+000
1,1,919,-49.50000E-006,329.30000E-012,154.85255E+000,38.55600E+000,13.44600E-006,154.85255E+000
1,1,920,-43.90000E-006,327.40000E-012,155.02081E+000,38.59800E+000,6.01700E-006,155.02081E+000
1,1,921,-44.40000E-006,326.10000E-012,155.18906E+000,38.64000E+000,-2.75200E-006,155.18906E+000
1,1,922,-46.40000E-006,324.80000E-012,155.35738E+000,38.68200E+000,-9.86500E-006,155.35738E+000
1,1,923,-42.10000E-006,326.00000E-012,155.52566E+000,38.72400E+000,-14.85500E-006,155.52566E+000
1,1,924,-44.60000E-006,326.30000E-012,155.69389E+000,38.76600E+000,-12.95300E-006,155.69389E+000
1,1,925,-46.00000E-006,325.50000E-012,155.86268E+000,38.80800E+000,-2.89900E-006,155.86268E+000
1,1,926,-41.50000E-006,325.60000E-012,156.03095E+000,38.85000E+000,6.72500E-006,156.03095E+000
1,1,927,-44.70000E-006,359.40000E-012,156.19919E+000,38.89200E+000,12.18300E-006,156.19919E+000
1,1,928,-46.00000E-006,329.20000E-012,156.36742E+000,38.93400E+000,14.53600E-006,156.36742E+000
1,1,929,-42.00000E-006,330.50000E-012,156.53567E+000,38.97600E+000,10.64100E-006,156.53567E+000
1,1,930,-47.90000E-006,333.00000E-012,156.70392E+000,39.01800E+000,2.93400E-006,156.70392E+000
1,1,931,-48.80000E-006,335.90000E-012,156.87227E+000,39.06000E+000,-7.27700E-006,156.87227E+000
1,1,932,-44.00000E-006,334.00000E-012,157.04053E+000,39.10200E+000,-12.95100E-006,157.04053E+000
1,1,933,-46.30000E-006,336.70000E-012,157.20877E+000,39.14400E+000,-14.00900E-006,157.20877E+000
1,1,934,-45.90000E-006,337.30000E-012,157.37710E+000,39.18600E+000,-9.28500E-006,157.37710E+000
1,1,935,-41.90000E-006,339.40000E-012,157.54538E+000,39.22800E+000,-1.86100E-006,157.54538E+000
1,1,936,-45.50000E-006,342.30000E-012,157.71362E+000,39.27000E+000,8.10000E-006,157.71362E+000
1,1,937,-45.80000E-006,343.00000E-012,157.88196E+000,39.31190E+000,13.19700E-006,157.88196E+000
1,1,938,-41.40000E-006,344.40000E-012,158.05024E+000,39.35400E+000,13.84700E-006,158.05024E+000
1,1,939,-45.70000E-006,343.90000E-012,158.21847E+000,39.39600E+000,9.04900E-006,158.21847E+000
1,1,940,-45.30000E-006,344.90000E-012,158.38681E+000,39.43790E+000,967.00000E-009,158.38681E+000
1,1,941,-42.30000E-006,348.50000E-012,158.55512E+000,39.48000E+000,-8.98100E-006,158.55512E+000
1,1,942,-47.00000E-006,351.90000E-012,158.72335E+000,39.52200E+000,-13.12200E-006,158.72335E+000
1,1,943,-47.80000E-006,356.70000E-012,158.89169E+000,39.56400E+000,-13.66000E-006,158.89169E+000
1,1,944,-45.20000E-006,361.30000E-012,159.05996E+000,39.60600E+000,-8.06500E-006,159.05996E+000
1,1,945,-48.50000E-006,365.10000E-012,159.22820E+000,39.64800E+000,192.00000E-009,159.22820E+000
1,1,946,-44.80000E-006,365.70000E-012,159.39652E+000,39.69000E+000,9.09800E-006,159.39652E+000
1,1,947,-42.60000E-006,369.70000E-012,159.56478E+000,39.73200E+000,13.39200E-006,159.56478E+000
1,1,948,-46.50000E-006,373.70000E-012,159.73303E+000,39.77400E+000,13.79000E-006,159.73303E+000
1,1,949,-43.70000E-006,378.50000E-012,159.90131E+000,39.81600E+000,7.49800E-006,159.90131E+000
1,1,950,-42.90000E-006,379.60000E-012,160.06955E+000,39.85800E+000,-748.00000E-009,160.06955E+000
1,1,951,-46.20000E-006,377.70000E-012,160.23782E+000,39.90000E+000,-9.36000E-006,160.23782E+000
1,1,952,-43.80000E-006,380.10000E-012,160.40611E+000,39.94200E+000,-13.42700E-006,160.40611E+000
1,1,953,-43.10000E-006,387.20000E-012,160.57436E+000,39.98400E+000,-13.78800E-006,160.57436E+000
1,1,954,-46.70000E-006,390.00000E-012,160.74261E+000,40.02600E+000,-7.10500E-006,160.74261E+000
1,1,955,-45.70000E-006,393.10000E-012,160.91092E+000,40.06800E+000,1.53100E-006,160.91092E+000
1,1,956,-46.40000E-006,398.50000E-012,161.07918E+000,40.11000E+000,9.54500E-006,161.07918E+000
1,1,957,-49.60000E-006,404.30000E-012,161.24749E+000,40.15200E+000,13.78900E-006,161.24749E+000
1,1,958,-43.60000E-006,404.20000E-012,161.41577E+000,40.19400E+000,13.48600E-006,161.41577E+000
1,1,959,-43.80000E-006,409.80000E-012,161.58404E+000,40.23600E+000,6.56600E-006,161.58404E+000
1,1,960,-46.40000E-006,418.50000E-012,161.75226E+000,40.27800E+000,-1.80600E-006,161.75226E+000
1,1,961,-42.00000E-006,414.50000E-012,161.92062E+000,40.32000E+000,-9.67100E-006,161.92062E+000
1,1,962,-43.90000E-006,418.50000E-012,162.08890E+000,40.36200E+000,-14.26200E-006,162.08890E+000
1,1,963,-46.60000E-006,420.20000E-012,162.25731E+000,40.40400E+000,-12.97400E-006,162.25731E+000
1,1,964,-42.30000E-006,422.20000E-012,162.42569E+000,40.44600E+000,-4.62300E-006,162.42569E+000
1,1,965,-44.70000E-006,424.90000E-012,162.59396E+000,40.48800E+000,4.21200E-006,162.59396E+000
1,1,966,-46.40000E-006,429.70000E-012,162.76220E+000,40.53000E+000,10.37700E-006,162.76220E+000
1,1,967,-43.60000E-006,429.80000E-012,162.93056E+000,40.57200E+000,14.93000E-006,162.93056E+000
1,1,968,-47.80000E-006,428.70000E-012,163.09882E+000,40.61400E+000,12.54100E-006,163.09882E+000
1,1,969,-49.30000E-006,444.70000E-012,163.26704E+000,40.65600E+000,4.62800E-006,163.26704E+000
1,1,970,-44.00000E-006,430.10000E-012,163.43540E+000,40.69800E+000,-4.81000E-006,163.43540E+000
1,1,971,-44.80000E-006,440.80000E-012,163.60368E+000,40.74000E+000,-10.90600E-006,163.60368E+000
1,1,972,-46.10000E-006,446.40000E-012,163.77190E+000,40.78200E+000,-14.72600E-006,163.77190E+000
1,1,973,-41.60000E-006,450.00000E-012,163.94027E+000,40.82400E+000,-12.17300E-006,163.94027E+000
1,1,974,-45.00000E-006,452.60000E-012,164.10852E+000,40.86600E+000,-3.61800E-006,164.10852E+000
1,1,975,-45.70000E-006,449.80000E-012,164.27675E+000,40.90800E+000,5.12600E-006,164.27675E+000
1,1,976,-41.90000E-006,452.60000E-012,164.44510E+000,40.95000E+000,11.40700E-006,164.44510E+000
1,1,977,-45.70000E-006,452.00000E-012,164.61558E+000,40.99200E+000,8.82000E-006,164.61558E+000
1,1,978,-45.30000E-006,452.00000E-012,164.78392E+000,41.03400E+000,575.00000E-009,164.78392E+000
1,1,979,-41.90000E-006,452.70000E-012,164.95218E+000,41.07600E+000,-8.89300E-006,164.95218E+000
1,1,980,-48.50000E-006,454.60000E-012,165.12046E+000,41.11800E+000,-13.15100E-006,165.12046E+000
1,1,981,-47.70000E-006,460.00000E-012,165.28869E+000,41.16000E+000,-13.56400E-006,165.28869E+000
1,1,982,-44.10000E-006,460.30000E-012,165.45694E+000,41.20200E+000,-8.75300E-006,165.45694E+000
1,1,983,-45.30000E-006,459.90000E-012,165.62521E+000,41.24400E+000,-720.00000E-009,165.62521E+000
1,1,984,-44.30000E-006,460.60000E-012,165.79360E+000,41.28600E+000,9.19900E-006,165.79360E+000
1,1,985,-41.90000E-006,461.10000E-012,165.96183E+000,41.32800E+000,13.24500E-006,165.96183E+000
1,1,986,-46.20000E-006,458.80000E-012,166.13011E+000,41.37000E+000,13.55900E-006,166.13011E+000
1,1,987,-44.20000E-006,459.60000E-012,166.29835E+000,41.41200E+000,8.54900E-006,166.29835E+000
1,1,988,-42.30000E-006,460.50000E-012,166.46659E+000,41.45400E+000,401.00000E-009,166.46659E+000
1,1,989,-46.00000E-006,462.20000E-012,166.63486E+000,41.49600E+000,-9.04700E-006,166.63486E+000
1,1,990,-43.40000E-006,461.40000E-012,166.80311E+000,41.53800E+000,-13.17400E-006,166.80311E+000
1,1,991,-42.70000E-006,456.50000E-012,166.97135E+000,41.58000E+000,-13.60200E-006,166.97135E+000
1,1,992,-48.50000E-006,465.80000E-012,167.13963E+000,41.62200E+000,-8.60900E-006,167.13963E+000
1,1,993,-45.70000E-006,460.10000E-012,167.30786E+000,41.66400E+000,-792.00000E-009,167.30786E+000
1,1,994,-46.50000E-006,464.80000E-012,167.47621E+000,41.70600E+000,9.09400E-006,167.47621E+000
1,1,995,-46.90000E-006,461.30000E-012,167.64447E+000,41.74800E+000,13.23900E-006,167.64447E+000
1,1,996,-42.00000E-006,459.60000E-012,167.81270E+000,41.79000E+000,13.61800E-006,167.81270E+000
1,1,997,-44.20000E-006,458.10000E-012,167.98103E+000,41.83200E+000,8.49200E-006,167.98103E+000
1,1,998,-46.50000E-006,462.50000E-012,168.14931E+000,41.87400E+000,265.00000E-009,168.14931E+000
1,1,999,-41.90000E-006,458.00000E-012,168.31755E+000,41.91600E+000,-8.92600E-006,168.31755E+000
1,1,1000,-44.20000E-006,455.60000E-012,168.48589E+000,41.95800E+000,-13.48400E-006,168.48589E+000
1,1,1001,-46.50000E-006,455.60000E-012,168.65418E+000,42.00000E+000,-13.67000E-006,168.65418E+000
